,p61,p62,p60,p63,p64,p65,p67
2040-01-25 00:00:00,2012.5816133592489,2012.5816133592489,2012.5816133592489,2012.5816133592489,2012.5816133592489,2012.5816133592489,2012.5816133592489
2040-01-25 01:00:00,1912.4151640327311,1912.4151640327311,1912.4151640327314,1912.4151640327314,1912.4151640327314,1912.4151640327314,1912.4151640327314
2040-01-25 02:00:00,1809.2060246511426,1809.2060246511426,1809.2060246511426,1809.2060246511426,1809.2060246511426,1809.2060246511426,1809.2060246511426
2040-01-25 03:00:00,1809.2060246511426,1809.2060246511426,1809.2060246511426,1809.2060246511426,1809.2060246511426,1809.2060246511426,1809.2060246511426
2040-01-25 04:00:00,1393.1204498789134,1393.1204498789134,1393.1204498789134,1809.2060246511426,1809.2060246511426,1809.2060246511426,1809.2060246511426
2040-01-25 05:00:00,5e-324,5e-324,0.0,1858.2782057807487,1858.2782057807487,1858.2782057807487,1858.2782057807487
2040-01-25 06:00:00,5e-324,5e-324,0.0,2096.0100659312575,2096.0100659312575,2096.0100659312575,2096.0100659312575
2040-01-25 07:00:00,2083.456568365741,2083.456568365741,2083.456568365741,2083.456568365741,2083.456568365741,2083.456568365741,2083.456568365741
2040-01-25 08:00:00,2014.150800554965,2014.150800554965,2014.150800554965,2014.150800554965,2014.150800554965,2014.150800554965,2014.150800554965
2040-01-25 09:00:00,1858.27820578054,1858.27820578054,1858.27820578054,1858.27820578054,1858.27820578054,1858.27820578054,1858.27820578054
2040-01-25 10:00:00,1809.2060246511426,1809.2060246511426,1809.2060246511426,1809.2060246511426,1809.2060246511426,1809.2060246511426,1809.2060246511426
2040-01-25 11:00:00,1809.2060246511426,1809.2060246511426,1809.2060246511426,1809.2060246511426,1809.2060246511426,1809.2060246511426,1809.2060246511426
2040-01-25 12:00:00,1809.2060246511426,1809.2060246511426,1809.2060246511426,1809.2060246511426,1809.2060246511426,1809.2060246511426,1809.2060246511426
2040-01-25 13:00:00,1809.2060246511426,1809.2060246511426,1809.2060246511426,1809.2060246511426,1809.2060246511426,1809.2060246511426,1809.2060246511426
2040-01-25 14:00:00,1809.2060246511426,1809.2060246511426,1809.2060246511426,1809.2060246511426,1809.2060246511426,1809.2060246511426,1809.2060246511426
2040-01-25 15:00:00,1809.2060246511421,1809.2060246511421,1809.2060246511421,1809.2060246511421,1809.2060246511421,1809.2060246511421,1809.2060246511421
2040-01-25 16:00:00,1809.2060246511426,1809.2060246511426,1809.2060246511426,1809.2060246511426,1809.2060246511426,1809.2060246511426,1809.2060246511426
2040-01-25 17:00:00,2243.6795091916674,2243.6795091916674,2243.6795091916674,2243.6795091916674,2243.6795091916674,2243.6795091916674,2243.6795091916674
2040-01-25 18:00:00,2188.3305792794054,2188.3305792794054,2188.3305792794054,2188.3305792794054,2188.3305792794054,2188.3305792794054,2188.3305792794054
2040-01-25 19:00:00,2176.3001441122524,2176.3001441122524,2176.3001441122524,2176.3001441122524,2176.3001441122524,2176.3001441122524,2176.3001441122524
2040-01-25 20:00:00,2151.977742578659,2151.977742578659,2151.977742578659,2151.977742578659,2151.977742578659,2151.977742578659,2151.977742578659
2040-01-25 21:00:00,2116.4094994757706,2116.4094994757706,2116.4094994757706,2116.4094994757706,2116.4094994757706,2116.4094994757706,2116.4094994757706
2040-01-25 22:00:00,2085.0257555614567,2085.0257555614567,2085.0257555614567,2085.0257555614567,2085.0257555614567,2085.0257555614567,2085.0257555614567
2040-01-25 23:00:00,2042.919232476419,2042.919232476419,2042.919232476419,2042.919232476419,2042.919232476419,2042.919232476419,2042.919232476419
2040-01-26 00:00:00,2029.5811413128358,2029.5811413128358,2029.5811413128358,2029.5811413128358,2029.5811413128358,2029.5811413128358,2029.5811413128358
2040-01-26 01:00:00,2014.150800554965,2014.150800554965,2014.150800554965,2014.150800554965,2014.150800554965,2014.150800554965,2014.150800554965
2040-01-26 02:00:00,2005.5202709785287,2005.5202709785287,2005.5202709785287,2005.5202709785287,2005.5202709785287,2005.5202709785287,2005.5202709785287
2040-01-26 03:00:00,2005.5202709785287,2005.5202709785287,2005.5202709785287,2005.5202709785287,2005.5202709785287,2005.5202709785287,2005.5202709785287
2040-01-26 04:00:00,2003.6895525835275,2003.6895525835275,2003.6895525835275,2003.6895525835275,2003.6895525835275,2003.6895525835275,2003.6895525835275
2040-01-26 05:00:00,1960.536904701345,1960.536904701345,1960.536904701345,1960.536904701345,1960.536904701345,1960.536904701345,1960.536904701345
2040-01-26 06:00:00,2151.977742578659,2151.977742578659,2151.977742578659,2151.977742578659,2151.977742578659,2151.977742578659,2151.977742578659
2040-01-26 07:00:00,2114.3172498814824,2114.3172498814824,2114.3172498814824,2114.3172498814824,2114.3172498814824,2114.3172498814824,2114.3172498814824
2040-01-26 08:00:00,2043.7038260742768,2043.7038260742768,2043.7038260742768,2043.7038260742768,2043.7038260742768,2043.7038260742768,2043.7038260742768
2040-01-26 09:00:00,2016.7661125478244,2016.7661125478244,2016.7661125478244,2016.7661125478244,2016.7661125478244,2016.7661125478244,2016.7661125478244
2040-01-26 10:00:00,2005.5202709785267,2005.5202709785267,2005.5202709785267,2005.5202709785267,2005.5202709785267,1809.2060246511426,2005.5202709785267
2040-01-26 11:00:00,1809.2060246511426,1809.2060246511426,1809.2060246511426,1809.2060246511426,1809.2060246511426,1809.2060246511426,1809.2060246511426
2040-01-26 12:00:00,1809.2060246511423,1809.2060246511423,1809.2060246511423,1809.2060246511423,1809.2060246511423,1809.2060246511423,1809.2060246511423
2040-01-26 13:00:00,1809.2060246511426,1809.2060246511426,1809.2060246511426,1809.2060246511426,1809.2060246511426,1809.2060246511426,1809.2060246511426
2040-01-26 14:00:00,1809.2060246511426,1809.2060246511426,1809.2060246511426,1809.2060246511426,1809.2060246511426,1809.2060246511426,1809.2060246511426
2040-01-26 15:00:00,1809.2060246511426,1809.2060246511426,1809.2060246511426,1809.2060246511426,1809.2060246511426,1809.2060246511426,1809.2060246511426
2040-01-26 16:00:00,1896.200229677001,1896.200229677001,1896.200229677001,1896.200229677001,1896.200229677001,1896.200229677001,1896.200229677001
2040-01-26 17:00:00,2174.4694257172514,2174.4694257172514,2174.4694257172514,2174.4694257172514,2174.4694257172514,2174.4694257172514,2174.4694257172514
2040-01-26 18:00:00,2179.7000497029694,2179.7000497029694,2179.7000497029694,2179.7000497029694,2179.7000497029694,2179.7000497029694,2179.7000497029694
2040-01-26 19:00:00,2151.977742578659,2151.977742578659,2151.977742578659,2151.977742578659,2151.977742578659,2151.977742578659,2151.977742578659
2040-01-26 20:00:00,2146.7471185929403,2146.7471185929403,2146.7471185929403,2146.7471185929403,2146.7471185929403,2146.7471185929403,2146.7471185929403
2040-01-26 21:00:00,2146.7471185929403,2146.7471185929403,2146.7471185929403,2146.7471185929403,2146.7471185929403,2146.7471185929403,2146.7471185929403
2040-01-26 22:00:00,2104.379064308617,2104.379064308617,2104.379064308617,2104.379064308617,2104.379064308617,2104.379064308617,2104.379064308617
2040-01-26 23:00:00,2075.6106323871622,2075.6106323871622,2075.6106323871622,2075.6106323871622,2075.6106323871622,2075.6106323871622,2075.6106323871622
2040-05-08 00:00:00,2061.334299438067,2061.334299438067,2061.334299438067,2061.334299438067,2061.334299438067,2061.334299438067,2061.334299438067
2040-05-08 01:00:00,2057.3759694447085,2057.3759694447085,2057.3759694447085,2057.3759694447085,2057.3759694447085,2057.3759694447085,2057.3759694447085
2040-05-08 02:00:00,2057.112080778485,2057.112080778485,2057.112080778485,2057.112080778485,2057.112080778485,2057.112080778485,2057.112080778485
2040-05-08 03:00:00,2034.9454328156794,2034.9454328156794,2034.9454328156794,2034.9454328156794,2034.9454328156794,2034.9454328156794,2034.9454328156794
2040-05-08 04:00:00,2023.5982201680529,2023.5982201680529,2023.5982201680529,2023.5982201680529,2023.5982201680529,2023.5982201680529,2023.5982201680529
2040-05-08 05:00:00,2166.0980999289436,2166.0980999289436,2166.0980999289436,2166.0980999289436,2166.0980999289436,2166.0980999289436,2166.0980999289436
2040-05-08 06:00:00,2135.2231259807504,2135.2231259807504,2135.2231259807504,2135.2231259807504,2135.2231259807504,2135.2231259807504,2135.2231259807504
2040-05-08 07:00:00,2123.3481360006763,2123.3481360006763,2123.3481360006763,2123.3481360006763,2123.3481360006763,2123.3481360006763,2123.3481360006763
2040-05-08 08:00:00,2123.3481360006763,2123.3481360006763,2123.3481360006763,2123.3481360006763,2123.3481360006763,2123.3481360006763,2123.3481360006763
2040-05-08 09:00:00,2123.3481360006763,2123.3481360006763,2123.3481360006763,2123.3481360006763,2123.3481360006763,2123.3481360006763,2123.3481360006763
2040-05-08 10:00:00,2103.82037470011,2103.82037470011,2103.82037470011,2103.82037470011,2103.82037470011,2103.82037470011,2103.82037470011
2040-05-08 11:00:00,2072.4176234194692,2072.4176234194692,2072.4176234194692,2072.4176234194692,2072.4176234194692,2072.4176234194692,2072.4176234194692
2040-05-08 12:00:00,2337.8896216406833,2337.8896216406833,2337.8896216406833,2337.8896216406833,2208.0563978585383,2057.3759694447085,2337.8896216406833
2040-05-08 13:00:00,2198.8202945407033,2198.8202945407033,2198.8202945407033,2198.8202945407033,2135.22312598075,1884.2650044018492,2198.8202945407033
2040-05-08 14:00:00,2697.8337623700427,2697.8337623700427,2697.8337623700427,2697.8337623700427,2135.7509033131987,2135.7509033131987,2697.8337623700427
2040-05-08 15:00:00,2933.542068120175,2933.542068120175,2933.542068120175,2933.542068120175,2600.986621865882,2600.986621865882,2933.542068120175
2040-05-08 16:00:00,3058.6150345128362,3058.6150345128362,3058.6150345128362,3058.6150345128362,3058.6150345128362,3058.6150345128362,3058.6150345128362
2040-05-08 17:00:00,3098.0199920953287,3098.0199920953287,3098.0199920953287,3098.0199920953287,3098.0199920953287,3098.0199920953287,3098.0199920953287
2040-05-08 18:00:00,3044.6999799825453,3044.6999799825453,3044.6999799825453,3044.6999799825453,3044.6999799825453,3044.6999799825453,3044.6999799825453
2040-05-08 19:00:00,2996.15896693292,2996.15896693292,2996.15896693292,2996.15896693292,2996.15896693292,2996.15896693292,2996.15896693292
2040-05-08 20:00:00,2649.2782477848505,2649.2782477848505,2649.2782477848505,2649.2782477848505,2649.2782477848505,2649.2782477848505,2649.2782477848505
2040-05-08 21:00:00,2207.000843193644,2207.000843193644,2207.000843193644,2207.000843193644,2207.000843193644,2207.000843193644,2207.000843193644
2040-05-08 22:00:00,2171.3758732534207,2171.3758732534207,2171.3758732534207,2171.3758732534207,2171.3758732534207,2171.3758732534207,2171.3758732534207
2040-05-08 23:00:00,2123.3481360006763,2123.3481360006763,2123.3481360006763,2123.3481360006763,2123.3481360006763,2123.3481360006763,2123.3481360006763
2040-05-09 00:00:00,2103.82037470011,2103.82037470011,2103.82037470011,2103.82037470011,2103.82037470011,2103.82037470011,2103.82037470011
2040-05-09 01:00:00,2094.3203827160505,2094.3203827160505,2094.3203827160505,2094.3203827160505,2094.3203827160505,2094.3203827160505,2094.3203827160505
2040-05-09 02:00:00,2062.125965436738,2062.125965436738,2062.125965436738,2062.125965436738,2062.125965436738,2062.125965436738,2062.125965436738
2040-05-09 03:00:00,2062.125965436738,2062.125965436738,2062.125965436738,2062.125965436738,2062.125965436738,2062.125965436738,2062.125965436738
2040-05-09 04:00:00,2057.3759694447085,2057.3759694447085,2057.3759694447085,2057.3759694447085,2057.3759694447085,2057.3759694447085,2057.3759694447085
2040-05-09 05:00:00,2187.209193226853,2187.209193226853,2187.209193226853,2187.209193226853,2187.209193226853,2187.209193226853,2187.209193226853
2040-05-09 06:00:00,2166.098099928943,2166.098099928943,2166.098099928943,2166.098099928943,2166.098099928943,2166.098099928943,2166.098099928943
2040-05-09 07:00:00,2135.2231259807504,2135.2231259807504,2135.2231259807504,2135.2231259807504,2135.2231259807504,2135.2231259807504,2135.2231259807504
2040-05-09 08:00:00,2103.82037470011,2103.82037470011,2103.82037470011,2103.82037470011,2103.82037470011,2103.82037470011,2103.82037470011
2040-05-09 09:00:00,2061.334299438067,2061.334299438067,2061.334299438067,2061.334299438067,2061.334299438067,2061.334299438067,2061.334299438067
2040-05-09 10:00:00,2057.112080778485,2057.112080778485,2057.112080778485,2057.112080778485,2057.112080778485,1875.0289010840138,2057.112080778485
2040-05-09 11:00:00,2057.112080778485,2057.112080778485,2057.112080778485,2057.112080778485,2057.112080778485,1825.514378677934,2057.112080778485
2040-05-09 12:00:00,2072.153734753244,2072.153734753244,2072.153734753244,2072.153734753244,2072.153734753244,1825.514378677934,2072.153734753244
2040-05-09 13:00:00,2102.2370427027668,2102.2370427027668,2102.2370427027668,2102.2370427027668,2102.2370427027668,1825.514378677934,2102.2370427027668
2040-05-09 14:00:00,2061.3342994380664,2061.3342994380664,2061.3342994380664,2061.3342994380664,2061.3342994380664,1825.5143786779345,2061.3342994380664
2040-05-09 15:00:00,2113.584255350393,2113.584255350393,2113.584255350393,2113.584255350393,2113.584255350393,2113.584255350393,2113.584255350393
2040-05-09 16:00:00,2171.375873253421,2171.375873253421,2171.375873253421,2171.375873253421,2171.375873253421,2171.375873253421,2171.375873253421
2040-05-09 17:00:00,2133.3759053171834,2133.3759053171834,2133.3759053171834,2133.3759053171834,2133.3759053171834,2133.3759053171834,2133.3759053171834
2040-05-09 18:00:00,2176.1258692454503,2176.1258692454503,2176.1258692454503,2176.1258692454503,2176.1258692454503,2176.1258692454503,2176.1258692454503
2040-05-09 19:00:00,2204.625845197628,2204.625845197628,2204.625845197628,2204.625845197628,2204.625845197628,2204.625845197628,2204.625845197628
2040-05-09 20:00:00,2171.3758732534207,2171.3758732534207,2171.3758732534207,2171.3758732534207,2171.3758732534207,2171.3758732534207,2171.3758732534207
2040-05-09 21:00:00,2133.3759053171834,2133.3759053171834,2133.3759053171834,2133.3759053171834,2133.3759053171834,2133.3759053171834,2133.3759053171834
2040-05-09 22:00:00,2102.2370427027668,2102.2370427027668,2102.2370427027668,2102.2370427027668,2102.2370427027668,2102.2370427027668,2102.2370427027668
2040-05-09 23:00:00,2061.334299438067,2061.334299438067,2061.334299438067,2061.334299438067,2061.334299438067,2061.334299438067,2061.334299438067
2040-06-26 00:00:00,47.90295090645941,47.90295090645941,47.90295090645941,47.90295090645941,47.90295090645941,47.90295090645941,47.90295090645941
2040-06-26 01:00:00,47.78651739553574,47.78651739553574,47.78651739553574,47.78651739553574,47.78651739553574,47.78651739553574,47.78651739553574
2040-06-26 02:00:00,47.10538135663221,47.10538135663221,47.10538135663221,47.10538135663221,47.10538135663221,47.10538135663221,47.10538135663221
2040-06-26 03:00:00,46.98312617016235,46.98312617016235,46.98312617016235,46.98312617016235,46.98312617016235,46.98312617016235,46.98312617016235
2040-06-26 04:00:00,48.32211154578471,48.32211154578471,48.32211154578471,48.32211154578471,48.32211154578471,48.32211154578471,48.32211154578471
2040-06-26 05:00:00,48.40361500343117,48.40361500343117,48.40361500343117,48.40361500343117,48.40361500343117,48.40361500343117,48.40361500343117
2040-06-26 06:00:00,48.22477461389093,48.22477461389093,48.22477461389093,48.22477461389093,48.22477461389093,48.22477461389093,48.22477461389093
2040-06-26 07:00:00,52.420571130298114,52.420571130298114,52.420571130298114,52.420571130298114,52.420571130298114,52.420571130298114,52.420571130298114
2040-06-26 08:00:00,53.367872691934735,53.367872691934735,53.367872691934735,53.367872691934735,53.367872691934735,53.367872691934735,53.367872691934735
2040-06-26 09:00:00,54.801636428687324,54.801636428687324,54.801636428687324,54.801636428687324,54.801636428687324,54.801636428687324,54.801636428687324
2040-06-26 10:00:00,67.16850684117327,67.16850684117327,67.16850684117327,67.16850684117327,52.420571130298114,52.420571130298114,67.16850684117327
2040-06-26 11:00:00,75.62251852545953,75.62251852545953,75.62251852545953,75.62251852545953,51.3377394787079,51.3377394787079,75.62251852545953
2040-06-26 12:00:00,75.2580155300693,75.2580155300693,75.2580155300693,75.2580155300693,50.68601959713462,50.68601959713462,75.2580155300693
2040-06-26 13:00:00,74.91809578437127,74.91809578437127,74.91809578437127,74.91809578437127,57.974301562139544,55.23795431505184,74.91809578437127
2040-06-26 14:00:00,74.85405735336323,74.85405735336323,74.85405735336323,74.85405735336323,57.252869613230004,57.252869613230004,74.85405735336323
2040-06-26 15:00:00,73.57905318055947,73.57905318055947,73.57905318055947,73.57905318055947,73.57905318055947,73.57905318055947,73.57905318055947
2040-06-26 16:00:00,75.56403907829,75.56403907829,75.56403907829,75.56403907829,75.56403907829,75.56403907829,75.56403907829
2040-06-26 17:00:00,78.0039037437459,78.0039037437459,78.0039037437459,78.0039037437459,78.0039037437459,78.0039037437459,78.0039037437459
2040-06-26 18:00:00,75.2580155300693,75.2580155300693,75.2580155300693,75.2580155300693,75.2580155300693,75.2580155300693,75.2580155300693
2040-06-26 19:00:00,73.566707869166,73.566707869166,73.566707869166,73.566707869166,73.566707869166,73.566707869166,73.566707869166
2040-06-26 20:00:00,69.70769617053668,69.70769617053668,69.70769617053668,69.70769617053668,69.70769617053668,69.70769617053668,69.70769617053668
2040-06-26 21:00:00,68.34574401262682,68.34574401262682,68.34574401262682,68.34574401262682,68.34574401262682,68.34574401262682,68.34574401262682
2040-06-26 22:00:00,58.44600532059843,58.44600532059843,58.44600532059843,58.44600532059843,58.44600532059843,58.44600532059843,58.44600532059843
2040-06-26 23:00:00,48.68887710519424,48.68887710519424,48.68887710519424,48.68887710519424,48.68887710519424,48.68887710519424,48.68887710519424
2040-06-27 00:00:00,48.46183175889306,48.46183175889306,48.46183175889306,48.46183175889306,48.46183175889306,48.46183175889306,48.46183175889306
2040-06-27 01:00:00,47.90295090645941,47.90295090645941,47.90295090645941,47.90295090645941,47.90295090645941,47.90295090645941,47.90295090645941
2040-06-27 02:00:00,47.78651739553574,47.78651739553574,47.78651739553574,47.78651739553574,47.78651739553574,47.78651739553574,47.78651739553574
2040-06-27 03:00:00,47.78651739553574,47.78651739553574,47.78651739553574,47.78651739553574,47.78651739553574,47.78651739553574,47.78651739553574
2040-06-27 04:00:00,48.01938441738308,48.01938441738308,48.01938441738308,48.01938441738308,48.01938441738308,48.01938441738308,48.01938441738308
2040-06-27 05:00:00,47.78651739553574,47.78651739553574,47.78651739553574,47.78651739553574,47.78651739553574,47.78651739553574,47.78651739553574
2040-06-27 06:00:00,49.57959346376036,49.57959346376036,49.57959346376036,49.57959346376036,49.57959346376036,49.57959346376036,49.57959346376036
2040-06-27 07:00:00,54.481444273647206,54.481444273647206,54.481444273647206,54.481444273647206,54.481444273647206,54.481444273647206,54.481444273647206
2040-06-27 08:00:00,52.420571130298114,52.420571130298114,52.420571130298114,52.420571130298114,52.420571130298114,52.420571130298114,52.420571130298114
2040-06-27 09:00:00,56.54231741699629,56.54231741699629,56.54231741699629,56.54231741699629,56.54231741699629,56.54231741699629,56.54231741699629
2040-06-27 10:00:00,69.21056217687502,69.21056217687502,69.21056217687502,69.21056217687502,56.24541196414093,56.24541196414093,69.21056217687502
2040-06-27 11:00:00,79.28435244400917,79.28435244400917,79.28435244400917,79.28435244400917,52.420571130298114,52.420571130298114,79.28435244400917
2040-06-27 12:00:00,79.28435244400917,79.28435244400917,79.28435244400917,79.28435244400917,69.20440306846814,56.24541196414093,79.28435244400917
2040-06-27 13:00:00,77.5727798334311,77.5727798334311,77.5727798334311,77.5727798334311,64.50311823224826,57.38063869564679,77.5727798334311
2040-06-27 14:00:00,76.55398661284895,76.55398661284895,76.55398661284895,76.55398661284895,57.38063869564679,57.38063869564679,76.55398661284895
2040-06-27 15:00:00,74.51640017168461,74.51640017168461,74.51640017168461,74.51640017168461,71.50916425792612,71.50916425792612,74.51640017168461
2040-06-27 16:00:00,77.14165592311632,77.14165592311632,77.14165592311632,77.14165592311632,77.14165592311632,77.14165592311632,77.14165592311632
2040-06-27 17:00:00,78.0039037437459,78.0039037437459,78.0039037437459,78.0039037437459,78.0039037437459,78.0039037437459,78.0039037437459
2040-06-27 18:00:00,75.62251852545953,75.62251852545953,75.62251852545953,75.62251852545953,75.62251852545953,75.62251852545953,75.62251852545953
2040-06-27 19:00:00,73.57905318055947,73.57905318055947,73.57905318055947,73.57905318055947,73.57905318055947,73.57905318055947,73.57905318055947
2040-06-27 20:00:00,70.26657702297034,70.26657702297034,70.26657702297034,70.26657702297034,70.26657702297034,70.26657702297034,70.26657702297034
2040-06-27 21:00:00,69.15325904600594,69.15325904600594,69.15325904600594,69.15325904600594,69.15325904600594,69.15325904600594,69.15325904600594
2040-06-27 22:00:00,65.29416654049757,65.29416654049757,65.29416654049757,65.29416654049757,65.29416654049757,65.29416654049757,65.29416654049757
2040-06-27 23:00:00,54.4814442736472,54.4814442736472,54.4814442736472,54.4814442736472,54.4814442736472,54.4814442736472,54.4814442736472
2040-06-28 00:00:00,50.31312458257954,50.31312458257954,50.31312458257954,50.31312458257954,50.31312458257954,50.31312458257954,50.31312458257954
2040-06-28 01:00:00,48.54333521653964,48.54333521653964,48.54333521653964,48.54333521653964,48.54333521653964,48.54333521653964,48.54333521653964
2040-06-28 02:00:00,48.49094013662398,48.49094013662398,48.49094013662398,48.49094013662398,48.49094013662398,48.49094013662398,48.49094013662398
2040-06-28 03:00:00,48.36868495015412,48.36868495015412,48.36868495015412,48.36868495015412,48.36868495015412,48.36868495015412,48.36868495015412
2040-06-28 04:00:00,47.90295090645941,47.90295090645941,47.90295090645941,47.90295090645941,47.90295090645941,47.90295090645941,47.90295090645941
2040-06-28 05:00:00,49.11385942006566,49.11385942006566,49.11385942006566,49.11385942006566,49.11385942006566,49.11385942006566,49.11385942006566
2040-06-28 06:00:00,54.481444273647206,54.481444273647206,54.481444273647206,54.481444273647206,54.481444273647206,54.481444273647206,54.481444273647206
2040-06-28 07:00:00,50.60420835988874,50.60420835988874,50.60420835988874,50.60420835988874,50.60420835988874,50.60420835988874,50.60420835988874
2040-06-28 08:00:00,48.68887710519424,48.68887710519424,48.68887710519424,48.68887710519424,48.68887710519424,48.68887710519424,48.68887710519424
2040-06-28 09:00:00,57.96862792581139,57.96862792581139,57.96862792581139,57.96862792581139,57.96862792581139,57.96862792581139,57.96862792581139
2040-06-28 10:00:00,63.40052998178346,63.40052998178346,63.40052998178346,63.40052998178346,57.741582579510194,57.741582579510194,63.40052998178346
2040-06-28 11:00:00,76.9265738478047,76.9265738478047,76.9265738478047,76.9265738478047,57.38063869564679,57.38063869564679,76.9265738478047
2040-06-28 12:00:00,76.55398661284895,76.55398661284895,76.55398661284895,76.55398661284895,52.420571130298114,52.420571130298114,76.55398661284895
2040-06-28 13:00:00,75.62251852545953,75.62251852545953,75.62251852545953,75.62251852545953,60.78534974341824,60.78534974341824,75.62251852545953
2040-06-28 14:00:00,75.3916569349006,75.3916569349006,75.3916569349006,75.3916569349006,60.187619986087284,60.187619986087284,75.3916569349006
2040-06-28 15:00:00,75.00892299638792,75.00892299638792,75.00892299638792,75.00892299638792,75.00892299638792,75.00892299638792,75.00892299638792
2040-06-28 16:00:00,76.42240767200897,76.42240767200897,76.42240767200897,76.42240767200897,76.42240767200897,76.42240767200897,76.42240767200897
2040-06-28 17:00:00,75.62251852545953,75.62251852545953,75.62251852545953,75.62251852545953,75.62251852545953,75.62251852545953,75.62251852545953
2040-06-28 18:00:00,73.81361409703509,73.81361409703509,73.81361409703509,73.81361409703509,73.81361409703509,73.81361409703509,73.81361409703509
2040-06-28 19:00:00,72.11204817111062,72.11204817111062,72.11204817111062,72.11204817111062,72.11204817111062,72.11204817111062,72.11204817111062
2040-06-28 20:00:00,69.60536378467239,69.60536378467239,69.60536378467239,69.60536378467239,69.60536378467239,69.60536378467239,69.60536378467239
2040-06-28 21:00:00,68.34574401262682,68.34574401262682,68.34574401262682,68.34574401262682,68.34574401262682,68.34574401262682,68.34574401262682
2040-06-28 22:00:00,57.74158257951019,57.74158257951019,57.74158257951019,57.74158257951019,57.74158257951019,57.74158257951019,57.74158257951019
2040-06-28 23:00:00,48.636482025278575,48.636482025278575,48.636482025278575,48.636482025278575,48.636482025278575,48.636482025278575,48.636482025278575
2040-08-01 00:00:00,48.58408694536293,48.58408694536293,48.58408694536293,48.58408694536293,48.58408694536293,48.58408694536293,48.58408694536293
2040-08-01 01:00:00,48.46183175889306,48.46183175889306,48.46183175889306,48.46183175889306,48.46183175889306,48.46183175889306,48.46183175889306
2040-08-01 02:00:00,47.90295090645941,47.90295090645941,47.90295090645941,47.90295090645941,47.90295090645941,47.90295090645941,47.90295090645941
2040-08-01 03:00:00,47.90295090645941,47.90295090645941,47.90295090645941,47.90295090645941,47.90295090645941,47.90295090645941,47.90295090645941
2040-08-01 04:00:00,47.90295090645941,47.90295090645941,47.90295090645941,47.90295090645941,47.90295090645941,47.90295090645941,47.90295090645941
2040-08-01 05:00:00,49.27104465981263,49.27104465981263,49.27104465981263,49.27104465981263,49.27104465981263,49.27104465981263,49.27104465981263
2040-08-01 06:00:00,48.89263574931067,48.89263574931067,48.89263574931067,48.89263574931067,48.89263574931067,48.89263574931067,48.89263574931067
2040-08-01 07:00:00,55.70981781389201,55.70981781389201,55.70981781389201,55.70981781389201,55.70981781389201,55.70981781389201,55.70981781389201
2040-08-01 08:00:00,52.420571130298114,52.420571130298114,52.420571130298114,52.420571130298114,52.420571130298114,52.420571130298114,52.420571130298114
2040-08-01 09:00:00,65.09435879434045,65.09435879434045,65.09435879434045,65.09435879434045,65.09435879434045,65.09435879434045,65.09435879434045
2040-08-01 10:00:00,64.48565320560976,64.48565320560976,64.48565320560976,64.48565320560976,64.48565320560976,64.48565320560976,64.48565320560976
2040-08-01 11:00:00,70.3222234348136,70.3222234348136,70.3222234348136,70.3222234348136,57.741582579510194,57.741582579510194,70.3222234348136
2040-08-01 12:00:00,77.5054900704955,77.5054900704955,77.5054900704955,77.5054900704955,65.13185919123609,65.13185919123609,77.5054900704955
2040-08-01 13:00:00,76.9265738478047,76.9265738478047,76.9265738478047,76.9265738478047,69.94632428783765,69.94632428783765,76.9265738478047
2040-08-01 14:00:00,74.06230947908224,74.06230947908224,74.06230947908224,74.06230947908224,65.95277602334068,65.95277602334068,74.06230947908224
2040-08-01 15:00:00,77.7998251797323,77.7998251797323,77.7998251797323,77.7998251797323,77.7998251797323,77.7998251797323,77.7998251797323
2040-08-01 16:00:00,77.7998251797323,77.7998251797323,77.7998251797323,77.7998251797323,77.7998251797323,77.7998251797323,77.7998251797323
2040-08-01 17:00:00,76.55398661284895,76.55398661284895,76.55398661284895,76.55398661284895,76.55398661284895,76.55398661284895,76.55398661284895
2040-08-01 18:00:00,75.62251852545953,75.62251852545953,75.62251852545953,75.62251852545953,75.62251852545953,75.62251852545953,75.62251852545953
2040-08-01 19:00:00,73.57905318055947,73.57905318055947,73.57905318055947,73.57905318055947,73.57905318055947,73.57905318055947,73.57905318055947
2040-08-01 20:00:00,69.85136648048835,69.85136648048835,69.85136648048835,69.85136648048835,69.85136648048835,69.85136648048835,69.85136648048835
2040-08-01 21:00:00,68.94115650596927,68.94115650596927,68.94115650596927,68.94115650596927,68.94115650596927,68.94115650596927,68.94115650596927
2040-08-01 22:00:00,61.395023811814525,61.395023811814525,61.395023811814525,61.395023811814525,61.395023811814525,61.395023811814525,61.395023811814525
2040-08-01 23:00:00,50.60420835988874,50.60420835988874,50.60420835988874,50.60420835988874,50.60420835988874,50.60420835988874,50.60420835988874
2040-08-02 00:00:00,48.54333521653964,48.54333521653964,48.54333521653964,48.54333521653964,48.54333521653964,48.54333521653964,48.54333521653964
2040-08-02 01:00:00,47.90295090645941,47.90295090645941,47.90295090645941,47.90295090645941,47.90295090645941,47.90295090645941,47.90295090645941
2040-08-02 02:00:00,47.90295090645941,47.90295090645941,47.90295090645941,47.90295090645941,47.90295090645941,47.90295090645941,47.90295090645941
2040-08-02 03:00:00,47.859288339863014,47.859288339863014,47.859288339863014,47.859288339863014,47.859288339863014,47.859288339863014,47.859288339863014
2040-08-02 04:00:00,47.859288339863014,47.859288339863014,47.859288339863014,47.859288339863014,47.859288339863014,47.859288339863014,47.859288339863014
2040-08-02 05:00:00,49.666918596953145,49.666918596953145,49.666918596953145,49.666918596953145,49.666918596953145,49.666918596953145,49.666918596953145
2040-08-02 06:00:00,48.63648202527858,48.63648202527858,48.63648202527858,48.63648202527858,48.63648202527858,48.63648202527858,48.63648202527858
2040-08-02 07:00:00,55.70981781389201,55.70981781389201,55.70981781389201,55.70981781389201,55.70981781389201,55.70981781389201,55.70981781389201
2040-08-02 08:00:00,61.18219282730487,61.18219282730487,61.18219282730487,61.18219282730487,61.18219282730487,61.18219282730487,61.18219282730487
2040-08-02 09:00:00,69.6238139868586,69.6238139868586,69.6238139868586,69.6238139868586,69.6238139868586,69.6238139868586,69.6238139868586
2040-08-02 10:00:00,68.34574401262682,68.34574401262682,68.34574401262682,68.34574401262682,68.34574401262682,68.34574401262682,68.34574401262682
2040-08-02 11:00:00,66.09857725179985,66.09857725179985,66.09857725179985,66.09857725179985,57.741582579510194,57.741582579510194,66.09857725179985
2040-08-02 12:00:00,66.09857725179985,66.09857725179985,66.09857725179985,66.09857725179985,53.20243853766178,53.20243853766178,66.09857725179985
2040-08-02 13:00:00,84.93847850432081,84.93847850432081,84.93847850432081,84.93847850432081,84.93847850432081,84.93847850432081,84.93847850432081
2040-08-02 14:00:00,79.28435244400917,79.28435244400917,79.28435244400917,79.28435244400917,79.28435244400917,79.28435244400917,79.28435244400917
2040-08-02 15:00:00,78.11595511765407,78.11595511765407,78.11595511765407,78.11595511765407,78.11595511765407,78.11595511765407,78.11595511765407
2040-08-02 16:00:00,78.0039037437459,78.0039037437459,78.0039037437459,78.0039037437459,78.0039037437459,78.0039037437459,78.0039037437459
2040-08-02 17:00:00,78.0039037437459,78.00390374374591,78.0039037437459,78.0039037437459,78.0039037437459,78.0039037437459,78.0039037437459
2040-08-02 18:00:00,75.62251852545953,75.62251852545953,75.62251852545953,75.62251852545953,75.62251852545953,75.62251852545953,75.62251852545953
2040-08-02 19:00:00,72.87468766766074,72.87468766766074,72.87468766766074,72.87468766766074,72.87468766766074,72.87468766766074,72.87468766766074
2040-08-02 20:00:00,69.60536378467238,69.60536378467238,69.60536378467238,69.60536378467238,69.60536378467238,69.60536378467238,69.60536378467238
2040-08-02 21:00:00,68.30760521555429,68.30760521555429,68.30760521555429,68.30760521555429,68.30760521555429,68.30760521555429,68.30760521555429
2040-08-02 22:00:00,58.44600532059843,58.44600532059843,58.44600532059843,58.44600532059843,58.44600532059843,58.44600532059843,58.44600532059843
2040-08-02 23:00:00,48.71216380737897,48.71216380737897,48.71216380737897,48.71216380737897,48.71216380737897,48.71216380737897,48.71216380737897
2040-08-03 00:00:00,48.51422683880872,48.51422683880872,48.51422683880872,48.51422683880872,48.51422683880872,48.51422683880872,48.51422683880872
2040-08-03 01:00:00,47.90295090645941,47.90295090645941,47.90295090645941,47.90295090645941,47.90295090645941,47.90295090645941,47.90295090645941
2040-08-03 02:00:00,47.90295090645941,47.90295090645941,47.90295090645941,47.90295090645941,47.90295090645941,47.90295090645941,47.90295090645941
2040-08-03 03:00:00,47.90295090645941,47.90295090645941,47.90295090645941,47.90295090645941,47.90295090645941,47.90295090645941,47.90295090645941
2040-08-03 04:00:00,47.90295090645942,47.90295090645942,47.90295090645942,47.90295090645942,47.90295090645942,47.90295090645942,47.90295090645942
2040-08-03 05:00:00,49.94635902316995,49.94635902316995,49.94635902316995,49.94635902316995,49.94635902316995,49.94635902316995,49.94635902316995
2040-08-03 06:00:00,52.420571130298114,52.420571130298114,52.420571130298114,52.420571130298114,52.420571130298114,52.420571130298114,52.420571130298114
2040-08-03 07:00:00,51.64628828265565,51.64628828265565,51.64628828265565,51.64628828265565,51.64628828265565,51.64628828265565,51.64628828265565
2040-08-03 08:00:00,53.194853977940596,53.194853977940596,53.194853977940596,53.194853977940596,53.194853977940596,53.194853977940596,53.194853977940596
2040-08-03 09:00:00,54.801636428687324,54.801636428687324,54.801636428687324,54.801636428687324,54.801636428687324,54.801636428687324,54.801636428687324
2040-08-03 10:00:00,64.23275081350522,64.23275081350522,64.23275081350522,64.23275081350522,64.23275081350522,64.23275081350522,64.23275081350522
2040-08-03 11:00:00,67.70903810573586,67.70903810573586,67.70903810573586,67.70903810573586,63.283015550983066,63.283015550983066,67.70903810573586
2040-08-03 12:00:00,73.70486767404276,73.70486767404276,73.70486767404276,73.70486767404276,73.70486767404276,73.70486767404276,73.70486767404276
2040-08-03 13:00:00,76.42240767200897,76.42240767200897,76.42240767200897,76.42240767200897,76.42240767200897,76.42240767200897,76.42240767200897
2040-08-03 14:00:00,74.5047568205922,74.5047568205922,74.5047568205922,74.5047568205922,74.5047568205922,74.5047568205922,74.5047568205922
2040-08-03 15:00:00,75.62251852545953,75.62251852545953,75.62251852545953,75.62251852545953,75.62251852545953,75.62251852545953,75.62251852545953
2040-08-03 16:00:00,74.91809578437127,74.91809578437127,74.91809578437127,74.91809578437127,74.91809578437127,74.91809578437127,74.91809578437127
2040-08-03 17:00:00,73.57905318055947,73.57905318055947,73.57905318055947,73.57905318055947,73.57905318055947,73.57905318055947,73.57905318055947
2040-08-03 18:00:00,72.11204817111063,72.11204817111063,72.11204817111063,72.11204817111063,72.11204817111063,72.11204817111063,72.11204817111063
2040-08-03 19:00:00,69.70769617053668,69.70769617053668,69.70769617053668,69.70769617053668,69.70769617053668,69.70769617053668,69.70769617053668
2040-08-03 20:00:00,69.22405960615764,69.22405960615764,69.22405960615764,69.22405960615764,69.22405960615764,69.22405960615764,69.22405960615764
2040-08-03 21:00:00,68.30760521555429,68.30760521555429,68.30760521555429,68.30760521555429,68.30760521555429,68.30760521555429,68.30760521555429
2040-08-03 22:00:00,59.51719362109628,59.51719362109628,59.51719362109628,59.51719362109628,59.51719362109628,59.51719362109628,59.51719362109628
2040-08-03 23:00:00,50.540169928880715,50.540169928880715,50.540169928880715,50.540169928880715,50.540169928880715,50.540169928880715,50.540169928880715
2040-09-08 00:00:00,5e-324,0.0,5e-324,2066.520026848603,2066.520026848603,2066.520026848603,2066.520026848603
2040-09-08 01:00:00,5e-324,0.0,5e-324,2030.2669620578554,2030.2669620578554,2030.2669620578554,2030.2669620578554
2040-09-08 02:00:00,0.0,5e-324,5e-324,2007.105281774877,2007.105281774877,2007.105281774877,2007.105281774877
2040-09-08 03:00:00,0.0,5e-324,5e-324,1997.7902581828089,1997.7902581828089,1997.7902581828089,1997.7902581828089
2040-09-08 04:00:00,5e-324,0.0,5e-324,1998.2937729715718,1998.2937729715718,1998.2937729715718,1998.2937729715718
2040-09-08 05:00:00,5e-324,0.0,5e-324,2105.542422977532,2105.542422977532,2105.542422977532,2105.542422977532
2040-09-08 06:00:00,2025.735328959011,2025.735328959011,2025.735328959011,2095.723884596705,2095.723884596705,2095.723884596705,2095.723884596705
2040-09-08 07:00:00,2025.7353289590114,2025.7353289590114,2025.7353289590114,2071.5551747362065,2071.5551747362065,2071.5551747362065,2071.5551747362065
2040-09-08 08:00:00,2025.7353289590114,2025.7353289590114,2025.7353289590114,2071.5551747362065,2071.5551747362065,2071.5551747362065,2071.5551747362065
2040-09-08 09:00:00,2002.8254060704135,2002.8254060704135,2002.8254060704135,2066.520026848603,2066.520026848603,2066.520026848603,2066.520026848603
2040-09-08 10:00:00,2037.3161691005002,2037.3161691005002,2037.3161691005002,2037.3161691005002,2037.3161691005002,2037.3161691005002,2037.3161691005002
2040-09-08 11:00:00,2037.0644117061204,2037.0644117061204,2037.0644117061204,2190.132907489277,2037.0644117061204,1998.0420155771903,2271.544409991158
2040-09-08 12:00:00,2876.0779430582206,2876.0779430582206,2876.0779430582206,2876.0779430582206,2245.26777685854,1962.7959803639637,2876.0779430582206
2040-09-08 13:00:00,3303.6365388260588,3303.6365388260588,3303.6365388260588,3303.6365388260588,2802.1384102814113,1788.831620847251,3303.6365388260588
2040-09-08 14:00:00,3254.52041182437,3254.52041182437,3254.52041182437,3254.52041182437,2382.116350994085,2219.840280026138,3254.52041182437
2040-09-08 15:00:00,3090.6657739301227,3090.6657739301227,3090.6657739301227,3090.6657739301227,3061.7158584949825,3061.7158584949825,3090.6657739301227
2040-09-08 16:00:00,3208.9615421057106,3208.9615421057106,3208.9615421057106,3208.9615421057106,3208.9615421057106,3208.9615421057106,3208.9615421057106
2040-09-08 17:00:00,3246.114573603699,3246.114573603699,3246.114573603699,3246.114573603699,3246.114573603699,3246.114573603699,3246.114573603699
2040-09-08 18:00:00,3151.4537933167467,3151.4537933167467,3151.4537933167467,3151.4537933167467,3151.4537933167467,3151.4537933167467,3151.4537933167467
2040-09-08 19:00:00,3122.7534503574043,3122.7534503574043,3122.7534503574043,3122.7534503574043,3122.7534503574043,3122.7534503574043,3122.7534503574043
2040-09-08 20:00:00,3010.8702996395064,3010.8702996395064,3010.8702996395064,3010.8702996395064,3010.8702996395064,3010.8702996395064,3010.8702996395064
2040-09-08 21:00:00,2990.5212291902876,2990.5212291902876,2990.5212291902876,2990.5212291902876,2990.5212291902876,2990.5212291902876,2990.5212291902876
2040-09-08 22:00:00,2823.635413216609,2823.635413216609,2823.635413216609,2823.635413216609,2823.635413216609,2823.635413216609,2823.635413216609
2040-09-08 23:00:00,2369.887687076734,2369.887687076734,2369.887687076734,2369.887687076734,2369.887687076734,2369.887687076734,2369.887687076734
2040-09-09 00:00:00,2105.542422977532,2105.542422977532,2105.542422977532,2105.542422977532,2105.542422977532,2105.542422977532,2105.542422977532
2040-09-09 01:00:00,2097.9897011461267,2097.9897011461267,2097.9897011461267,2097.9897011461267,2097.9897011461267,2097.9897011461267,2097.9897011461267
2040-09-09 02:00:00,2071.5551747362065,2071.5551747362065,2071.5551747362065,2071.5551747362065,2071.5551747362065,2071.5551747362065,2071.5551747362065
2040-09-09 03:00:00,2071.5551747362065,2071.5551747362065,2071.5551747362065,2071.5551747362065,2071.5551747362065,2071.5551747362065,2071.5551747362065
2040-09-09 04:00:00,2066.520026848603,2066.520026848603,2066.520026848603,2066.520026848603,2066.520026848603,2066.520026848603,2066.520026848603
2040-09-09 05:00:00,2076.5903226238106,2076.5903226238106,2076.5903226238106,2076.5903226238106,2076.5903226238106,2076.5903226238106,2076.5903226238106
2040-09-09 06:00:00,2071.5551747362065,2071.5551747362065,2071.5551747362065,2071.5551747362065,2071.5551747362065,2071.5551747362065,2071.5551747362065
2040-09-09 07:00:00,2071.5551747362065,2071.5551747362065,2071.5551747362065,2071.5551747362065,2071.5551747362065,2071.5551747362065,2071.5551747362065
2040-09-09 08:00:00,2066.520026848603,2066.520026848603,2066.520026848603,2066.520026848603,2066.520026848603,2066.520026848603,2066.520026848603
2040-09-09 09:00:00,2037.0644117061204,2037.0644117061204,2037.0644117061204,2037.0644117061204,2037.0644117061204,2037.0644117061204,2037.0644117061204
2040-09-09 10:00:00,2035.3021099454586,2035.3021099454586,2035.3021099454586,2035.3021099454586,2016.672062761325,1998.0420155771903,2035.3021099454586
2040-09-09 11:00:00,2081.625470511415,2081.625470511415,2081.625470511415,2081.625470511415,2037.0644117061204,1788.831620847251,2081.625470511415
2040-09-09 12:00:00,2097.7379437517466,2097.7379437517466,2097.7379437517466,2097.7379437517466,2037.0644117061204,1788.831620847251,2097.7379437517466
2040-09-09 13:00:00,2071.5551747362065,2071.5551747362065,2071.5551747362065,2071.5551747362065,2007.105281774877,1788.831620847251,2071.5551747362065
2040-09-09 14:00:00,2123.9207127675963,2123.9207127675963,2123.9207127675963,2123.9207127675963,2007.105281774877,2007.105281774877,2123.9207127675963
2040-09-09 15:00:00,2305.437794115406,2305.437794115406,2305.437794115406,2305.437794115406,2305.437794115406,2305.437794115406,2305.437794115406
2040-09-09 16:00:00,2406.6442666562407,2406.6442666562407,2406.6442666562407,2406.6442666562407,2406.6442666562407,2406.6442666562407,2406.6442666562407
2040-09-09 17:00:00,2943.006715025609,2943.006715025609,2943.006715025609,2943.006715025609,2943.006715025609,2943.006715025609,2943.006715025609
2040-09-09 18:00:00,2832.534346661412,2832.534346661412,2832.534346661412,2832.534346661412,2832.534346661412,2832.534346661412,2832.534346661412
2040-09-09 19:00:00,2787.4650374303674,2787.4650374303674,2787.4650374303674,2787.4650374303674,2787.4650374303674,2787.4650374303674,2787.4650374303674
2040-09-09 20:00:00,2409.161840600044,2409.161840600044,2409.161840600044,2409.161840600044,2409.161840600044,2409.161840600044,2409.161840600044
2040-09-09 21:00:00,2105.542422977532,2105.542422977532,2105.542422977532,2105.542422977532,2105.542422977532,2105.542422977532,2105.542422977532
2040-09-09 22:00:00,2071.5551747362065,2071.5551747362065,2071.5551747362065,2071.5551747362065,2071.5551747362065,2071.5551747362065,2071.5551747362065
2040-09-09 23:00:00,2035.3021099454586,2035.3021099454586,2035.3021099454586,2035.3021099454586,2035.3021099454586,2035.3021099454586,2035.3021099454586
2040-10-01 00:00:00,2102.5455539821473,2102.5455539821473,2102.5455539821473,2102.5455539821473,2102.5455539821473,2102.5455539821473,2102.5455539821473
2040-10-01 01:00:00,2070.224697310792,2070.224697310792,2070.224697310792,2070.224697310792,2070.224697310792,2070.224697310792,2070.224697310792
2040-10-01 02:00:00,2069.4299221467427,2069.4299221467427,2069.4299221467427,2069.4299221467427,2069.4299221467427,2069.4299221467427,2069.4299221467427
2040-10-01 03:00:00,2065.191121271811,2065.191121271811,2065.191121271811,2065.191121271811,2065.191121271811,2065.191121271811,2065.191121271811
2040-10-01 04:00:00,2065.191121271811,2065.191121271811,2065.191121271811,2065.191121271811,2065.191121271811,2065.191121271811,2065.191121271811
2040-10-01 05:00:00,2065.191121271811,2065.191121271811,2065.191121271811,2065.191121271811,2065.191121271811,2065.191121271811,2065.191121271811
2040-10-01 06:00:00,2060.687395342195,2060.687395342195,2060.687395342195,2060.687395342195,2060.687395342195,2060.687395342195,2060.687395342195
2040-10-01 07:00:00,2070.224697310792,2070.224697310792,2070.224697310792,2070.224697310792,2070.224697310792,2070.224697310792,2070.224697310792
2040-10-01 08:00:00,2055.9187443578976,2055.9187443578976,2055.9187443578976,2055.9187443578976,2055.9187443578976,2055.9187443578976,2055.9187443578976
2040-10-01 09:00:00,1937.2323198598046,1937.2323198598046,1937.2323198598046,1937.2323198598046,1937.2323198598046,1937.2323198598046,1937.2323198598046
2040-10-01 10:00:00,1832.6838492791212,1832.6838492791212,1832.6838492791212,1832.6838492791212,1832.6838492791212,1832.6838492791212,1832.6838492791212
2040-10-01 11:00:00,1832.6838492791212,1832.6838492791212,1832.6838492791212,1832.6838492791212,1832.6838492791212,1832.6838492791212,1832.6838492791212
2040-10-01 12:00:00,1832.6838492791212,1832.6838492791212,1832.6838492791212,1832.6838492791212,1832.6838492791212,1832.6838492791212,1832.6838492791212
2040-10-01 13:00:00,1832.6838492791212,1832.6838492791212,1832.6838492791212,1832.6838492791212,1832.6838492791212,1832.6838492791212,1832.6838492791212
2040-10-01 14:00:00,1832.6838492791212,1832.6838492791212,1832.6838492791212,1832.6838492791212,1832.6838492791212,1832.6838492791212,1832.6838492791212
2040-10-01 15:00:00,1832.6838492791212,1832.6838492791212,1832.6838492791212,1832.6838492791212,1832.6838492791212,1832.6838492791212,1832.6838492791212
2040-10-01 16:00:00,1882.3928335403734,1882.3928335403734,1882.3928335403734,1882.3928335403734,1882.3928335403734,1882.3928335403734,1882.3928335403734
2040-10-01 17:00:00,2142.549237239318,2142.549237239318,2142.549237239318,2142.549237239318,2142.549237239318,2142.549237239318,2142.549237239318
2040-10-01 18:00:00,2206.661100472662,2206.661100472662,2206.661100472662,2206.661100472662,2206.661100472662,2206.661100472662,2206.661100472662
2040-10-01 19:00:00,2141.7544620752674,2141.7544620752674,2141.7544620752674,2141.7544620752674,2141.7544620752674,2141.7544620752674,2141.7544620752674
2040-10-01 20:00:00,2131.687309997304,2131.687309997304,2131.687309997304,2131.687309997304,2131.687309997304,2131.687309997304,2131.687309997304
2040-10-01 21:00:00,2094.5978023416505,2094.5978023416505,2094.5978023416505,2094.5978023416505,2094.5978023416505,2094.5978023416505,2094.5978023416505
2040-10-01 22:00:00,2052.7396437016982,2052.7396437016982,2052.7396437016982,2052.7396437016982,2052.7396437016982,2052.7396437016982,2052.7396437016982
2040-10-01 23:00:00,2038.6986158034863,2038.6986158034863,2038.6986158034863,2038.6986158034863,2038.6986158034863,2038.6986158034863,2038.6986158034863
2040-10-02 00:00:00,2031.5456393270385,2031.5456393270385,2031.5456393270385,2031.5456393270385,2031.5456393270385,2031.5456393270385,2031.5456393270385
2040-10-02 01:00:00,2031.5456393270385,2031.5456393270385,2031.5456393270385,2031.5456393270385,2031.5456393270385,2031.5456393270385,2031.5456393270385
2040-10-02 02:00:00,2031.5456393270385,2031.5456393270385,2031.5456393270385,2031.5456393270385,2031.5456393270385,2031.5456393270385,2031.5456393270385
2040-10-02 03:00:00,2030.2210140536222,2030.2210140536222,2030.2210140536222,2030.2210140536222,2030.2210140536222,2030.2210140536222,2030.2210140536222
2040-10-02 04:00:00,1956.8367739063651,1956.8367739063651,1956.8367739063651,1956.8367739063651,1956.8367739063651,1956.8367739063651,1956.8367739063651
2040-10-02 05:00:00,2141.7544620752674,2141.7544620752674,2141.7544620752674,2141.7544620752674,2141.7544620752674,2141.7544620752674,2141.7544620752674
2040-10-02 06:00:00,2112.082855950744,2112.082855950744,2112.082855950744,2112.082855950744,2112.082855950744,2112.082855950744,2112.082855950744
2040-10-02 07:00:00,2110.493305622645,2110.493305622645,2110.493305622645,2110.493305622645,2110.493305622645,2110.493305622645,2110.493305622645
2040-10-02 08:00:00,2068.3702219280094,2068.3702219280094,2068.3702219280094,2068.3702219280094,2068.3702219280094,2068.3702219280094,2068.3702219280094
2040-10-02 09:00:00,2040.2881661315857,2040.2881661315857,2040.2881661315857,2040.2881661315857,2040.2881661315857,2040.2881661315857,2040.2881661315857
2040-10-02 10:00:00,2031.5456393270385,2031.5456393270385,2031.5456393270385,2031.5456393270385,2031.5456393270385,2031.5456393270385,2031.5456393270385
2040-10-02 11:00:00,2036.579215366021,2036.579215366021,2036.579215366021,2036.579215366021,2036.579215366021,1832.6838492791212,2036.579215366021
2040-10-02 12:00:00,2068.3702219280094,2068.3702219280094,2068.3702219280094,2068.3702219280094,2068.3702219280094,1832.6838492791212,2068.3702219280094
2040-10-02 13:00:00,2065.191121271811,2065.191121271811,2065.191121271811,2065.191121271811,2065.191121271811,1832.6838492791212,2065.191121271811
2040-10-02 14:00:00,2065.191121271811,2065.191121271811,2065.191121271811,2065.191121271811,2065.191121271811,2065.191121271811,2065.191121271811
2040-10-02 15:00:00,2178.0491945668714,2178.0491945668714,2178.0491945668714,2178.0491945668714,2178.0491945668714,2178.0491945668714,2178.0491945668714
2040-10-02 16:00:00,2127.978359231739,2127.978359231739,2127.978359231739,2127.978359231739,2127.978359231739,2127.978359231739,2127.978359231739
2040-10-02 17:00:00,2155.5305649187967,2155.5305649187967,2155.5305649187967,2155.5305649187967,2155.5305649187967,2155.5305649187967,2155.5305649187967
2040-10-02 18:00:00,2363.496732845141,2363.496732845141,2363.496732845141,2363.496732845141,2363.496732845141,2363.496732845141,2363.496732845141
2040-10-02 19:00:00,2209.0454259648113,2209.0454259648113,2209.0454259648113,2209.0454259648113,2209.0454259648113,2209.0454259648113,2209.0454259648113
2040-10-02 20:00:00,2174.6051688559896,2174.6051688559896,2174.6051688559896,2174.6051688559896,2174.6051688559896,2174.6051688559896,2174.6051688559896
2040-10-02 21:00:00,2123.739558356807,2123.739558356807,2123.739558356807,2123.739558356807,2123.739558356807,2123.739558356807,2123.739558356807
2040-10-02 22:00:00,2068.3702219280094,2068.3702219280094,2068.3702219280094,2068.3702219280094,2068.3702219280094,2068.3702219280094,2068.3702219280094
2040-10-02 23:00:00,2042.9374166784185,2042.9374166784185,2042.9374166784185,2042.9374166784185,2042.9374166784185,2042.9374166784185,2042.9374166784185
2040-11-06 00:00:00,44.89314464908234,44.89314464908234,44.89314464908234,44.89314464908234,44.89314464908234,44.89314464908234,44.89314464908234
2040-11-06 01:00:00,44.799997840343394,44.799997840343394,44.799997840343394,44.799997840343394,44.799997840343394,44.799997840343394,44.799997840343394
2040-11-06 02:00:00,44.76506778706629,44.76506778706629,44.76506778706629,44.76506778706629,44.76506778706629,44.76506778706629,44.76506778706629
2040-11-06 03:00:00,44.834927893620495,44.834927893620495,44.834927893620495,44.834927893620495,44.834927893620495,44.834927893620495,44.834927893620495
2040-11-06 04:00:00,44.64281260059643,44.64281260059643,44.64281260059643,44.64281260059643,44.64281260059643,44.64281260059643,44.64281260059643
2040-11-06 05:00:00,44.642812600596436,44.642812600596436,44.642812600596436,44.642812600596436,44.642812600596436,44.642812600596436,44.642812600596436
2040-11-06 06:00:00,47.40810848503378,47.40810848503378,47.40810848503378,47.40810848503378,47.40810848503378,47.40810848503378,47.40810848503378
2040-11-06 07:00:00,46.94819611688525,46.94819611688525,46.94819611688525,46.94819611688525,46.94819611688525,46.94819611688525,46.94819611688525
2040-11-06 08:00:00,46.0283713805882,46.0283713805882,46.0283713805882,46.0283713805882,46.0283713805882,46.0283713805882,46.0283713805882
2040-11-06 09:00:00,45.38216539496179,45.38216539496179,45.38216539496179,45.38216539496179,45.38216539496179,45.38216539496179,45.38216539496179
2040-11-06 10:00:00,45.102724968744965,45.102724968744965,45.102724968744965,45.102724968744965,45.102724968744965,45.102724968744965,45.102724968744965
2040-11-06 11:00:00,45.102724968744965,45.102724968744965,45.102724968744965,45.102724968744965,45.102724968744965,41.3652092680949,45.102724968744965
2040-11-06 12:00:00,45.108546644291145,45.108546644291145,45.108546644291145,45.108546644291145,45.108546644291145,41.3652092680949,45.108546644291145
2040-11-06 13:00:00,45.93522457184926,45.93522457184926,45.93522457184926,45.93522457184926,45.93522457184926,41.3652092680949,45.93522457184926
2040-11-06 14:00:00,45.475312203700724,45.475312203700724,45.475312203700724,45.475312203700724,45.475312203700724,45.475312203700724,45.475312203700724
2040-11-06 15:00:00,47.34989172957194,47.34989172957194,47.34989172957194,47.34989172957194,47.34989172957194,47.34989172957194,47.34989172957194
2040-11-06 16:00:00,45.49277723033928,45.49277723033928,45.49277723033928,45.49277723033928,45.49277723033928,45.49277723033928,45.49277723033928
2040-11-06 17:00:00,50.03950583190891,50.03950583190891,50.03950583190891,50.03950583190891,50.03950583190891,50.03950583190891,50.03950583190891
2040-11-06 18:00:00,50.60420835988874,50.60420835988874,50.60420835988874,50.60420835988874,50.60420835988874,50.60420835988874,50.60420835988874
2040-11-06 19:00:00,48.5200485143549,48.5200485143549,48.5200485143549,48.5200485143549,48.5200485143549,48.5200485143549,48.5200485143549
2040-11-06 20:00:00,47.90295090645941,47.90295090645941,47.90295090645941,47.90295090645941,47.90295090645941,47.90295090645941,47.90295090645941
2040-11-06 21:00:00,47.06462962780893,47.06462962780893,47.06462962780893,47.06462962780893,47.06462962780893,47.06462962780893,47.06462962780893
2040-11-06 22:00:00,46.37767191335924,46.37767191335924,46.37767191335924,46.37767191335924,46.37767191335924,46.37767191335924,46.37767191335924
2040-11-06 23:00:00,45.38798707050797,45.38798707050797,45.38798707050797,45.38798707050797,45.38798707050797,45.38798707050797,45.38798707050797
2040-11-07 00:00:00,29.207988912222646,29.207988912222646,29.207988912222646,29.207988912222646,29.207988912222646,29.207988912222646,29.207988912222646
2040-11-07 01:00:00,51.3377394787079,51.3377394787079,51.3377394787079,51.3377394787079,51.3377394787079,51.3377394787079,51.3377394787079
2040-11-07 02:00:00,45.102724968744965,45.102724968744965,45.102724968744965,45.102724968744965,45.102724968744965,45.102724968744965,45.102724968744965
2040-11-07 03:00:00,44.834927893620495,44.834927893620495,44.834927893620495,44.834927893620495,44.834927893620495,44.834927893620495,44.834927893620495
2040-11-07 04:00:00,44.799997840343394,44.799997840343394,44.799997840343394,44.799997840343394,44.799997840343394,44.799997840343394,44.799997840343394
2040-11-07 05:00:00,44.64281260059643,44.64281260059643,44.64281260059643,44.64281260059643,44.64281260059643,44.64281260059643,44.64281260059643
2040-11-07 06:00:00,47.78651739553574,47.78651739553574,47.78651739553574,47.78651739553574,47.78651739553574,47.78651739553574,47.78651739553574
2040-11-07 07:00:00,46.98312617016235,46.98312617016235,46.98312617016235,46.98312617016235,46.98312617016235,46.98312617016235,46.98312617016235
2040-11-07 08:00:00,46.20302164697371,46.20302164697371,46.20302164697371,46.20302164697371,46.20302164697371,46.20302164697371,46.20302164697371
2040-11-07 09:00:00,45.102724968744965,45.102724968744965,45.102724968744965,45.102724968744965,45.102724968744965,45.102724968744965,45.102724968744965
2040-11-07 10:00:00,44.642812600596436,44.642812600596436,44.642812600596436,44.642812600596436,44.642812600596436,44.642812600596436,44.642812600596436
2040-11-07 11:00:00,44.642812600596436,44.642812600596436,44.642812600596436,44.642812600596436,44.642812600596436,44.642812600596436,44.642812600596436
2040-11-07 12:00:00,42.57029610615497,42.57029610615497,42.57029610615497,42.57029610615497,42.57029610615497,40.272864195465274,42.57029610615497
2040-11-07 13:00:00,44.642812600596436,44.642812600596436,44.642812600596436,44.642812600596436,44.642812600596436,40.272864195465274,44.642812600596436
2040-11-07 14:00:00,44.642812600596436,44.642812600596436,44.642812600596436,44.642812600596436,44.642812600596436,41.3652092680949,44.642812600596436
2040-11-07 15:00:00,44.642812600596436,44.642812600596436,44.642812600596436,44.642812600596436,44.642812600596436,44.642812600596436,44.642812600596436
2040-11-07 16:00:00,45.114368319837325,45.114368319837325,45.114368319837325,45.114368319837325,45.114368319837325,45.114368319837325,45.114368319837325
2040-11-07 17:00:00,47.90295090645941,47.90295090645941,47.90295090645941,47.90295090645941,47.90295090645941,47.90295090645941,47.90295090645941
2040-11-07 18:00:00,47.78651739553574,47.78651739553574,47.78651739553574,47.78651739553574,47.78651739553574,47.78651739553574,47.78651739553574
2040-11-07 19:00:00,46.41260196663634,46.41260196663634,46.41260196663634,46.41260196663634,46.41260196663634,46.41260196663634,46.41260196663634
2040-11-07 20:00:00,45.49277723033928,45.49277723033928,45.49277723033928,45.49277723033928,45.49277723033928,45.49277723033928,45.49277723033928
2040-11-07 21:00:00,45.38216539496179,45.38216539496179,45.38216539496179,45.38216539496179,45.38216539496179,45.38216539496179,45.38216539496179
2040-11-07 22:00:00,44.8349278936205,44.8349278936205,44.8349278936205,44.8349278936205,44.8349278936205,44.8349278936205,44.8349278936205
2040-11-07 23:00:00,44.642812600596436,44.642812600596436,44.642812600596436,44.642812600596436,44.642812600596436,44.642812600596436,44.642812600596436
2040-11-08 00:00:00,40.6782515536452,40.6782515536452,40.6782515536452,40.6782515536452,40.6782515536452,40.6782515536452,40.6782515536452
2040-11-08 01:00:00,40.6782515536452,40.6782515536452,40.6782515536452,40.6782515536452,40.6782515536452,40.6782515536452,40.6782515536452
2040-11-08 02:00:00,40.272864195465274,40.272864195465274,40.272864195465274,40.272864195465274,40.272864195465274,40.272864195465274,40.272864195465274
2040-11-08 03:00:00,40.272864195465274,40.272864195465274,40.272864195465274,40.272864195465274,40.272864195465274,40.272864195465274,40.272864195465274
2040-11-08 04:00:00,43.47847749135966,43.47847749135966,43.47847749135966,43.47847749135966,43.47847749135966,43.47847749135966,43.47847749135966
2040-11-08 05:00:00,43.38533068262072,43.38533068262072,43.38533068262072,43.38533068262072,43.38533068262072,43.38533068262072,43.38533068262072
2040-11-08 06:00:00,47.06462962780893,47.06462962780893,47.06462962780893,47.06462962780893,47.06462962780893,47.06462962780893,47.06462962780893
2040-11-08 07:00:00,46.0283713805882,46.0283713805882,46.0283713805882,46.0283713805882,46.0283713805882,46.0283713805882,46.0283713805882
2040-11-08 08:00:00,46.0283713805882,46.0283713805882,46.0283713805882,46.0283713805882,46.0283713805882,46.0283713805882,46.0283713805882
2040-11-08 09:00:00,45.49277723033928,45.49277723033928,45.49277723033928,45.49277723033928,45.49277723033928,45.49277723033928,45.49277723033928
2040-11-08 10:00:00,45.38216539496179,45.38216539496179,45.38216539496179,45.38216539496179,45.38216539496179,45.38216539496179,45.38216539496179
2040-11-08 11:00:00,42.57029610615497,42.57029610615497,42.57029610615497,42.57029610615497,42.57029610615497,42.57029610615497,42.57029610615497
2040-11-08 12:00:00,40.272864195465274,40.272864195465274,40.272864195465274,40.272864195465274,40.272864195465274,40.272864195465274,40.272864195465274
2040-11-08 13:00:00,40.272864195465274,40.272864195465274,40.272864195465274,40.272864195465274,40.272864195465274,40.272864195465274,40.272864195465274
2040-11-08 14:00:00,40.272864195465274,40.272864195465274,40.272864195465274,40.272864195465274,40.272864195465274,40.272864195465274,40.272864195465274
2040-11-08 15:00:00,43.140820309680976,43.140820309680976,43.140820309680976,43.140820309680976,43.140820309680976,43.140820309680976,43.140820309680976
2040-11-08 16:00:00,46.66875569066843,46.66875569066843,46.66875569066843,46.66875569066843,46.66875569066843,46.66875569066843,46.66875569066843
2040-11-08 17:00:00,46.66875569066843,46.66875569066843,46.66875569066843,46.66875569066843,46.66875569066843,46.66875569066843,46.66875569066843
2040-11-08 18:00:00,46.66875569066843,46.66875569066843,46.66875569066843,46.66875569066843,46.66875569066843,46.66875569066843,46.66875569066843
2040-11-08 19:00:00,46.37767191335924,46.37767191335924,46.37767191335924,46.37767191335924,46.37767191335924,46.37767191335924,46.37767191335924
2040-11-08 20:00:00,45.49277723033928,45.49277723033928,45.49277723033928,45.49277723033928,45.49277723033928,45.49277723033928,45.49277723033928
2040-11-08 21:00:00,45.38216539496179,45.38216539496179,45.38216539496179,45.38216539496179,45.38216539496179,45.38216539496179,45.38216539496179
2040-11-08 22:00:00,44.8349278936205,44.8349278936205,44.8349278936205,44.8349278936205,44.8349278936205,44.8349278936205,44.8349278936205
2040-11-08 23:00:00,44.642812600596436,44.642812600596436,44.642812600596436,44.642812600596436,44.642812600596436,44.642812600596436,44.642812600596436
