,p60p61,p60p62,p60p63,p61p62,p61p63,p61p64,p61p65,p63p64,p63p67,p64p65,p64p67,p65p67,p61p60,p62p60,p63p60,p62p61,p63p61,p64p61,p65p61,p64p63,p67p63,p65p64,p67p64,p67p65
2030-03-24 00:00:00,0.0,0.0,2.599759948797458,0.0,0.0,0.0,0.0,1.334686888140384,0.0,0.0,0.0,2.794792894999995,0.6804424024999426,0.08067507775077476,0.0,0.0,0.0,0.238,0.0,0.0,0.0,1.3366173707891127,0.0,0.0
2030-03-24 01:00:00,0.0,0.0,2.479373285210113,0.0,0.0,0.0,0.0,1.4069357659976562,0.0,0.0,0.0,2.580134036080774,0.7411819329948661,0.07681181972813556,0.0,0.0,0.0,0.238,0.0,0.0,0.0,1.1753655069318403,0.0,0.0
2030-03-24 02:00:00,0.0,0.0,2.2929854054711853,0.0,0.0,0.0,0.0,1.3149824253486493,0.0,0.0,0.0,2.4042431530807704,0.7962488386342181,0.040926187542795534,0.0,0.0,0.0,0.238,0.0,0.0,0.0,1.2528114025808468,0.0,0.0
2030-03-24 03:00:00,0.0,0.036808180789269174,1.9108336627821085,0.0,0.0,0.0,0.0,0.0,0.8837197727453479,0.0,1.3071847563354235,0.0,0.7311170267009655,0.0,0.0,0.0,0.0,0.238,0.0,0.0,0.0,3.9360605752649196,0.0,0.0
2030-03-24 04:00:00,0.0,0.15239093250314467,1.3637859392769915,0.0,0.0,0.0,0.0,0.5039912936664077,0.0,0.0,0.0,2.22595494708077,0.5691977595113581,0.0,0.0,0.0,0.0,0.238,0.0,0.0,0.0,1.6927808662630879,0.0,0.0
2030-03-24 05:00:00,0.0,0.0,1.2147106290195062,0.0,0.0,0.0,0.0,0.9872943858152792,0.0,0.0,0.0,3.0033537819999996,0.562137375498279,0.013249106583466438,0.0,0.0,0.0,0.0,0.466,0.0,0.0,0.09170939911421705,0.0,0.0
2030-03-24 06:00:00,0.0,0.0,0.420695418829783,0.39259761872193993,0.0,0.0,0.4551846014864022,0.0,0.5683436038259821,0.0,0.0,2.7758699961740194,0.0,0.0,0.0,0.0,0.456,0.0,0.466,0.0,0.0,0.8520529803863055,0.0,0.0
2030-03-24 07:00:00,0.0,0.0,0.34980283773807835,0.4839340516433635,0.0,0.0,0.0,0.7607922240040761,0.0,0.25336531442583254,0.0,3.1306754000000003,0.1344565166564537,0.0,0.0,0.0,0.456,0.0,0.466,0.0,0.0,0.0,0.0,0.0
2030-03-24 08:00:00,0.011599709595117247,0.5682791284422988,0.0,0.0,0.0,0.0,0.0,0.47493864755573023,0.0,0.0,0.0,3.1786206000000012,0.0,0.0,0.709583978499827,0.0,0.0,0.0,0.466,0.0,0.0,0.022656683665729815,0.0,0.0
2030-03-24 09:00:00,0.0,0.5339091853254015,0.0,0.0,0.0,0.0,0.0,0.3383800076823573,0.0,0.0,0.0,3.3133977000000012,0.15469048188306905,0.0,0.6206791214987825,0.0,0.0,0.0,0.466,0.0,0.0,0.21322538862601625,0.0,0.0
2030-03-24 10:00:00,0.0,0.4829448733506885,0.0,0.0,0.0,0.0,0.30924442967097204,0.0,0.0,0.0,0.0,3.4061252000000017,0.008706190155442606,0.0,0.6908173520568095,0.0,0.0,0.0,0.466,0.0,0.0,0.5891977976468172,0.0,0.0
2030-03-24 11:00:00,0.0,0.48320272657336766,0.0,0.0,0.0,0.0,0.08619724810564833,0.3278058256275733,0.0,0.0,0.0,3.526200000000001,0.2263904219305946,0.0,0.46488330052799404,0.0,0.0,0.0,0.466,0.0,0.0,0.0,0.0,0.0
2030-03-24 12:00:00,0.0,0.0919972398601128,0.0,0.4379141261266683,0.0,0.0,0.0,0.36291708967585645,0.2598902337684015,0.0,0.0,3.5128378662315995,0.0,0.0,0.2792876768392776,0.0,0.0,0.238,0.466,0.0,0.0,0.0,0.0,0.0
2030-03-24 13:00:00,0.0,0.0,0.08559433156021368,0.28128900002301926,0.0,0.01433483867419838,0.0,0.0,0.6517811446017379,0.0,0.0,3.367506055398261,0.2498670373212969,0.0,0.0,0.0,0.456,0.0,0.466,0.0,0.0,0.0,0.0,0.0
2030-03-24 14:00:00,0.0,0.8586233902084999,0.23927470698312447,0.0,0.0,0.0,0.0,0.9123724956685195,0.0,1.0528315809022963,0.0,4.283522,1.2482530290865708,0.0,0.0,0.832,0.456,0.0,0.466,0.0,0.0,0.0,0.0,0.0
2030-03-24 15:00:00,0.0,0.0,0.404718995434201,0.27579893776007114,0.0,0.0,0.0,0.0,1.3466829747191271,0.0,0.0,3.153370625280872,0.0,0.5144284502532308,0.0,0.0,0.456,0.0,0.466,0.2446311790929031,0.0,0.0,0.0,0.0
2030-03-24 16:00:00,0.0,0.6013305525336313,0.26275607885264485,0.0,0.0,0.0,0.0,0.9344896739518698,0.0,1.2459221456936334,0.0,4.504725699999998,0.9704417797768341,0.0,0.0,0.832,0.456,0.0,0.466,0.0,0.0,0.0,0.0,0.0
2030-03-24 17:00:00,2.473,0.0,0.38275693995303217,0.0,0.456,0.238,0.15517154510044673,0.0,0.0,0.0,0.0,4.258175400000001,0.785322329187,0.14179187919382485,2.003,0.0,0.0,0.0,0.0,0.2321061901084589,0.0,0.0,0.0,0.0
2030-03-24 18:00:00,0.0,0.4978180514203664,0.04240969942302775,0.0,0.0,0.0,0.0,0.4948553754656162,0.0,0.0,0.0,3.9762987999999986,0.3884352452132208,0.0,0.0,0.0,0.456,0.0,0.466,0.0,0.0,0.18909232638656626,0.0,0.0
2030-03-24 19:00:00,0.0,0.09656082435033075,0.967670098756742,0.0,0.0,0.0,0.0,0.0,1.2592677915460424,0.0,0.0,2.870106808453956,0.18458664074390851,0.0,0.0,0.0,0.0,0.0,0.0,0.0,0.0,0.9373812359294975,0.0,0.0
2030-03-24 20:00:00,0.0,0.0,2.798968365821674,0.0,0.0,0.0,0.0,1.2320903494373763,0.0,0.0,0.0,3.707145400000001,0.8626518532267473,0.16785216958562765,0.0,0.0,0.0,0.0,0.0,0.0,0.0,0.026745736492121086,0.0,0.0
2030-03-24 21:00:00,0.0,0.0,3.9551335861705206,0.832,0.0,0.0,0.0,1.3983515301631115,0.0,0.0,0.0,3.6101604400000005,0.39017281982806773,1.1033128422312468,0.0,0.0,0.0,0.0,0.0,0.0,0.0,0.6263664573728578,0.0,0.0
2030-03-24 22:00:00,0.0,0.0,3.8001673832519254,0.0,0.0,0.0,0.466,1.881520566299792,0.0,0.0,0.0,3.5509326329999977,0.8701218369130885,0.3282889717221018,0.0,0.0,0.0,0.0,0.0,0.0,0.0,1.090847302629704,0.0,0.0
2030-03-24 23:00:00,0.0,0.0,3.899770631203605,0.0,0.0,0.0,0.466,2.3323675693829564,0.0,0.0,0.0,3.325866408999997,0.9583759107312726,0.37524514331048575,0.0,0.0,0.0,0.0,0.0,0.0,0.0,0.3380958105465397,0.0,0.0
2030-03-25 00:00:00,0.0,0.0,3.721264806247586,0.0,0.456,0.238,0.0,2.272082530070813,0.0,0.0,0.0,2.8766935599999943,0.7886128778434598,0.40643878984888104,0.0,0.0,0.0,0.0,0.0,0.0,0.0,0.2288867414731035,0.0,0.0
2030-03-25 01:00:00,0.0,0.0,3.5916328383637293,0.0,0.456,0.238,0.0,2.3725234165068634,0.0,2.4762368885773673,0.0,5.4546367551999975,0.7663622660125691,0.41187852191420027,0.0,0.0,0.0,0.0,0.0,0.0,0.0,0.0,2.207,0.0
2030-03-25 02:00:00,0.0,0.0,3.3081633130270625,0.0,0.456,0.0,0.0,2.1381885289601983,0.2383546099999947,0.0,2.207,0.0,0.843962251107792,0.3498548617285183,0.0,0.0,0.0,0.0,0.0,0.0,0.0,2.884242057198138,0.0,0.0
2030-03-25 03:00:00,0.0,0.0,3.042261008320211,0.0,0.0,0.0,0.0,2.537081381543916,0.0,0.0,2.207,2.4478031883556914,1.0383444795603145,0.2111269572600143,0.0,0.0,0.0,0.0,0.0,0.0,0.04394958835569618,0.0,2.207,0.0
2030-03-25 04:00:00,0.0,0.0,2.683117708938909,0.0,0.0,0.0,0.0,2.1528389597122946,0.0,2.011577451782798,0.0,4.647189799999996,0.8824255625949297,0.10997088636677432,0.0,0.0,0.0,0.0,0.0,0.0,0.0,0.0,2.207,0.0
2030-03-25 05:00:00,0.0,0.011120106080049652,2.522477833581589,0.0,0.0,0.0,0.0,0.5536280269294971,1.1440463788883082,0.0,0.0,3.5434882811116872,0.9440988541310242,0.0,0.0,0.0,0.0,0.238,0.0,0.0,0.0,0.0,2.207,0.0
2030-03-25 06:00:00,0.0,0.0,2.1049247741268964,0.12225485678001308,0.0,0.0,0.0,0.0,0.9850172082503637,0.0,0.0,1.4584868917496312,0.6536477018859921,0.0,0.0,0.0,0.0,0.238,0.0,0.0,0.0,2.2794057442218736,0.0,0.0
2030-03-25 07:00:00,0.0,0.3088555276318969,1.1052929310957176,0.0,0.0,0.0,0.0,0.5780486642166167,0.0,0.0,0.0,2.389191099999998,0.6071971286553979,0.0,0.0,0.0,0.0,0.0,0.466,0.0,0.0,0.8186793027289401,0.0,0.0
2030-03-25 08:00:00,0.10995955189354978,0.0,0.694430549841099,0.832,0.0,0.0,0.2555752399211141,0.0,0.0,0.0,0.0,2.5941273999999988,0.0,0.4873119579429958,0.0,0.0,0.456,0.0,0.466,0.0,0.0,0.8198228964926245,0.0,0.0
2030-03-25 09:00:00,0.0,0.2558647063363553,1.147859833197636,0.0,0.0,0.0,0.0,0.6694546597965734,0.0,0.0,0.0,2.7885511000000003,0.6912900920506155,0.0,0.0,0.0,0.0,0.238,0.0,0.0,0.0,0.3965357740854145,0.0,0.0
2030-03-25 10:00:00,0.0,0.0,2.297372910339398,0.832,0.0,0.0,0.0,1.1472213808483156,0.0,0.0,0.0,3.0443796999999995,0.15609590713997723,0.6425175955816581,0.0,0.0,0.0,0.238,0.0,0.0,0.0,0.02961333950917755,0.0,0.0
2030-03-25 11:00:00,0.0,0.0,2.9552477673465223,0.19144742493009834,0.0,0.0,0.0,1.3536609464085423,0.2921050179578084,0.0,0.0,2.960986682042192,0.8376069298661821,0.0,0.0,0.0,0.0,0.238,0.0,0.0,0.0,0.0,0.0,0.0
2030-03-25 12:00:00,0.0,0.21163064663782605,3.0311285614763306,0.0,0.0,0.0,0.0,1.8174559947938178,0.0,0.6737496028822934,0.0,3.5060765000000007,0.7564176988026728,0.0,0.0,0.0,0.0,0.0,0.0,0.0,0.0,0.0,0.0,0.0
2030-03-25 13:00:00,0.0,0.0,3.402063407352979,0.2454537219635915,0.0,0.0,0.0,1.3810206967676133,0.9865430758139508,0.0,0.0,2.8165770241860493,0.6489620486517179,0.0,0.0,0.0,0.0,0.238,0.0,0.0,0.0,0.0,0.0,0.0
2030-03-25 14:00:00,0.0,0.283987755793657,3.2239275635148523,0.0,0.0,0.0,0.0,2.5061733809269326,0.0,1.3621997332727833,0.0,4.160368,0.5189131441602348,0.0,0.0,0.0,0.0,0.0,0.0,0.0,0.0,0.0,0.0,0.0
2030-03-25 15:00:00,0.0,0.307344855807595,3.254037489744087,0.0,0.0,0.0,0.0,1.1340369662132728,1.6151736725954748,0.0,0.0,2.874424927404524,0.3942827873092942,0.0,0.0,0.0,0.0,0.0,0.0,0.0,0.0,0.0,0.0,0.0
2030-03-25 16:00:00,0.0,0.2978635628461457,3.285808326116316,0.0,0.0,0.0,0.0,4.44,0.0,1.0676323785095705,2.207,4.070806199994148,0.313568923841281,0.0,0.0,0.0,0.0,0.0,0.0,0.0,1.6181144999941477,0.0,0.0,0.0
2030-03-25 17:00:00,0.0,0.0,3.928701707175646,0.23097709644125908,0.0,0.0,0.0,1.3493723969723836,1.0988980468756617,0.0,0.0,3.4237711531243376,0.5286067518533873,0.0,0.0,0.0,0.456,0.0,0.0,0.0,0.0,0.0,0.0,0.0
2030-03-25 18:00:00,0.0,0.0593652073431671,3.9217172628772454,0.0,0.0,0.0,0.0,2.3150369002768887,0.0,0.8169501543473903,0.0,4.242913,0.6048690411228558,0.0,0.0,0.0,0.0,0.0,0.0,0.0,0.0,0.0,0.0,0.0
2030-03-25 19:00:00,0.0,0.0,4.04549032933112,0.0,0.3102914750697101,0.238,0.466,1.3263063740289,0.40368529460699953,0.0,0.0,3.961100405393001,0.14761257596681537,0.15985788833276748,0.0,0.0,0.0,0.0,0.0,0.0,0.0,0.0,0.0,0.0
2030-03-25 20:00:00,0.0,0.6379072668587608,4.04549032933112,0.0,0.456,0.238,0.466,1.2770908759294985,0.17864108508048027,0.0,0.0,4.2986248149195205,0.9391490319727376,0.0,0.0,0.832,0.0,0.0,0.0,0.0,0.0,0.0,0.0,0.0
2030-03-25 21:00:00,0.0,0.6321073994626156,4.04549032933112,0.0,0.456,0.238,0.466,1.4211888752841304,0.0,0.0,0.0,3.8382254000000007,0.8815684324479611,0.0,0.0,0.832,0.0,0.0,0.0,0.0,0.0,0.9016195131443556,0.0,0.0
2030-03-25 22:00:00,0.0,0.0,4.04549032933112,0.0,0.17568015028001377,0.0,0.466,1.8582023475156928,0.0,0.0,0.0,3.7683206899999995,0.3882378959723378,0.20175573502189556,0.0,0.0,0.0,0.0,0.0,0.0,0.0,1.211242963413804,0.0,0.0
2030-03-25 23:00:00,0.0,0.0,3.7780283377632315,0.0,0.0,0.0,0.466,1.7549885098190217,0.0,0.0,0.0,3.5133415499999927,0.47476316807007807,0.18160485863398879,0.0,0.0,0.0,0.0,0.0,0.0,0.0,0.9991935221104744,0.0,0.0
2030-05-08 00:00:00,0.0,0.36664802926194207,2.5154125227904656,0.0,0.0,0.0,0.0,0.0,0.0,0.0,0.0,3.1440409980000004,0.35613159674294415,0.0,0.0,0.0,0.0,0.238,0.0,0.028985913744566716,0.0,1.270587865674064,0.0,0.0
2030-05-08 01:00:00,0.0,0.397588061270761,2.6379488492211176,0.0,0.0,0.038457041488699995,0.0,0.0,0.0,0.0,0.0,3.287302348,0.3636603514541549,0.0,0.0,0.0,0.0,0.238,0.0,0.0,0.0,1.0485456784407967,0.0,0.0
2030-05-08 02:00:00,0.0,0.0,2.8040382577603253,0.4056541927194856,0.0,0.0,0.0,0.23183433803998632,0.0,0.0,0.0,3.078651505,0.04094038499246816,0.0,0.0,0.0,0.0,0.238,0.0,0.0,0.0,1.225771922109895,0.0,0.0
2030-05-08 03:00:00,0.15570379076724594,0.0,3.135231784633691,0.832,0.0,0.0,0.0,0.7062459356467325,0.0,0.0,0.0,3.0155558479428577,0.0,0.4167338856969483,0.0,0.0,0.0,0.238,0.0,0.0,0.0,1.218331087345732,0.0,0.0
2030-05-08 04:00:00,0.023101630882648713,0.0,3.0305837776621978,0.832,0.0,0.0,0.0,0.0,1.3034429825808758,0.0,0.0,2.061983488361981,0.0,0.2969641574244061,0.0,0.0,0.0,0.238,0.0,0.0,0.0,1.9389842379294966,0.0,0.0
2030-05-08 05:00:00,0.0,0.0,2.307905843036262,0.3362130697009725,0.0,0.0,0.0,0.0,1.3512991378463335,0.0,0.0,2.8055772530965233,0.17029686815475137,0.0,0.0,0.0,0.0,0.238,0.0,0.0,0.0,0.9942495301047787,0.0,0.0
2030-05-08 06:00:00,0.3425007575954112,0.0,2.2672260735942285,0.832,0.0,0.0,0.0,1.6627895290647916,0.0,0.37551088319260906,0.0,4.453332,0.0,0.28783832007913435,0.0,0.0,0.0,0.238,0.0,0.0,0.0,0.0,0.0,0.0
2030-05-08 07:00:00,0.0,0.18463942845178608,2.8733629686187525,0.0,0.0,0.0,0.0,1.6573200290288193,0.0,0.8753948365110809,0.0,4.9529499999999995,0.43186630053517544,0.0,0.0,0.0,0.0,0.0,0.0,0.0,0.0,0.0,0.0,0.0
2030-05-08 08:00:00,0.0,0.0,3.0574762622488447,0.0,0.0,0.0,0.0,0.573211139215849,1.3778247987466419,0.0,0.0,4.087350701253359,0.49434270638780253,0.12999903799319285,0.0,0.0,0.0,0.238,0.0,0.0,0.0,0.0,0.0,0.0
2030-05-08 09:00:00,0.0,0.0,2.9566688908571233,0.0,0.0,0.0,0.0,2.6014223703690464,0.0,2.7090379408750787,0.0,6.36,0.14771270381234064,0.42926761953901554,0.0,0.0,0.0,0.0,0.0,0.0,0.41139640000000055,0.0,0.0,0.0
2030-05-08 10:00:00,0.0,0.0,2.9822255003429823,0.0,0.0,0.0,0.0,2.4621337523514484,0.2538673,2.6389258436827943,0.0,6.36,0.5598048739222818,0.41153925303355227,0.0,0.0,0.0,0.238,0.0,0.0,0.0,0.0,0.0,0.0
2030-05-08 11:00:00,0.0,0.0,2.430694803353698,0.0,0.0,0.0,0.0,1.4072363892952469,0.6650996000000013,2.058101933373673,0.0,6.36,0.7975112596250122,0.31489121417466165,0.0,0.0,0.456,0.238,0.0,0.0,0.0,0.0,0.0,0.0
2030-05-08 12:00:00,0.0,0.0,1.2598012762229245,0.0,0.0,0.0,0.0,1.3448541715481284,0.0,1.6828170779756206,0.8577107999999991,6.36,0.027333253358435505,0.4712591394240667,0.0,0.0,0.0,0.0,0.466,0.0,0.0,0.0,0.0,0.0
2030-05-08 13:00:00,0.4311934893028476,0.0,1.701930133437597,0.0,0.0,0.04408625068131711,0.0,0.0,1.4180809570190422,0.9978874101932069,0.0,6.36,0.0,0.5530376306398773,0.0,0.0,0.0,0.0,0.0,0.0,0.0,0.0,0.0,0.0
2030-05-08 14:00:00,0.0,0.5474508680650538,0.7147333666688469,0.0,0.0,0.0,0.0,0.0,1.0064434570190497,0.8290270573927119,0.0,6.36,0.11539542437803436,0.0,0.0,0.832,0.0,0.0,0.0,0.22982543543403067,0.0,0.0,0.0,0.0
2030-05-08 15:00:00,0.0,0.5857671297990227,0.4586296429656417,0.0,0.0,0.0,0.0,0.0,1.265236888318935,0.0,0.0,5.825250648513866,0.23110457011789198,0.0,0.0,0.832,0.0,0.238,0.0,0.5085539170238645,0.0,0.0,0.0,0.0
2030-05-08 16:00:00,0.0,0.3966689694259735,1.1765906283670184,0.0,0.0,0.0,0.1636531571821953,1.0243882927025294,0.0,0.0,1.930250400000002,6.36,0.39481570026873236,0.0,0.0,0.832,0.0,0.0,0.0,0.0,0.0,0.0,0.0,0.0
2030-05-08 17:00:00,0.0,0.3407494651420352,0.6028921373459952,0.0,0.0,0.0,0.0,0.0,1.4328344000000008,0.48251765819124426,0.0,6.36,0.4532564609754114,0.0,0.0,0.832,0.0,0.238,0.0,0.5051425160623211,0.0,0.0,0.0,0.0
2030-05-08 18:00:00,0.07633690205510957,0.4471363451681075,0.0,0.0,0.0,0.0,0.22220302395344627,0.0,0.6956824000000008,1.3038984087617203,0.0,6.36,0.0,0.0,0.2613060128123035,0.832,0.0,0.238,0.0,0.0,0.0,0.0,0.0,0.0
2030-05-08 19:00:00,0.16282946136084997,0.9153784224946566,0.0,0.0,0.0,0.0,0.18214586005191613,0.0,0.3230322600000015,1.464328194070502,0.0,6.36,0.0,0.0,0.7896943965098789,0.832,0.0,0.238,0.0,0.0,0.0,0.0,0.0,0.0
2030-05-08 20:00:00,0.0,0.845168729958098,0.0,0.0,0.0,0.0,0.0,0.5207184884226006,0.0,1.6910321224931009,1.7197633000000012,6.36,0.1993675292345367,0.0,0.28680176168697036,0.832,0.0,0.238,0.0,0.0,0.0,0.0,2.207,0.0
2030-05-08 21:00:00,0.0,0.6895888933112726,0.0,0.0,0.0,0.0,0.0,1.3955100256297799,0.37969466999999835,1.5993093997002825,0.0,6.36,0.38291882348100503,0.0,0.28370997219805305,0.832,0.0,0.238,0.0,0.0,2.138,0.0,0.0,0.0
2030-05-08 22:00:00,0.27247134093316905,1.162272155899652,0.4856972862761957,0.0,0.0,0.0,0.466,0.0,0.0,0.0,0.0,4.375741086,0.0,0.0,2.003,0.832,0.0,0.0,0.0,1.181830518544949,0.0,1.0733979244744463,0.0,0.0
2030-05-08 23:00:00,0.0,0.7235366577638987,0.0,0.0,0.0,0.0,0.0,0.701131163929499,1.0607913145535144,0.0,0.0,4.491192256446487,0.041415431239069156,0.0,0.653726033907795,0.0,0.0,0.238,0.466,0.0,2.138,0.0,0.0,0.0
2030-05-09 00:00:00,0.22260593991689065,0.7224258751354347,0.0,0.0,0.0,0.0,0.0,0.6732936035306851,0.8246983939971244,0.0,0.0,4.110105293002875,0.0,0.0,0.8805777484362525,0.0,0.0,0.0,0.466,0.0,2.138,0.0,0.0,0.0
2030-05-09 01:00:00,1.135697673801599,0.7046548881368447,0.15794622872495578,0.0,0.456,0.0,0.2499290821495368,0.7697699949294965,0.0,0.0,0.0,4.527738235999999,0.0,0.0,2.003,0.0,0.0,0.238,0.0,0.0,2.138,0.0,0.0,0.0
2030-05-09 02:00:00,0.8844728208604755,0.6868911384176257,0.2980401341803576,0.0,0.0,0.0,0.466,0.0037215543811874863,0.0,0.0,0.0,4.263664054999998,0.0,0.0,2.003,0.0,0.0,0.238,0.0,0.0,2.138,0.6287804445483092,0.0,0.0
2030-05-09 03:00:00,1.070346546977463,0.6907836246979866,0.0,0.0,0.38539113917902823,0.238,0.0,0.12010251613557754,0.0,0.0,0.0,4.287043605999998,0.0,0.0,2.003,0.0,0.0,0.238,0.0,0.0,2.138,0.26909759079391904,0.0,0.0
2030-05-09 04:00:00,1.0359770199284373,0.7190508648336917,0.0,0.0,0.42416427992170513,0.0,0.12853603263174307,0.6197070429294964,0.0,0.0,0.0,4.93594973,0.0,0.0,2.003,0.0,0.0,0.238,0.0,0.0,2.138,0.0,0.0,0.0
2030-05-09 05:00:00,1.0285858104372294,0.48116475499695477,0.23861868758956384,0.0,0.0,0.0,0.466,0.31673324892949806,0.5091140224469557,0.0,0.0,5.204643667553046,0.0,0.0,2.003,0.0,0.0,0.238,0.0,0.0,2.138,0.0,0.0,0.0
2030-05-09 06:00:00,1.0558476769125793,0.24102104935611846,0.35839517456385095,0.0,0.0,0.0,0.466,0.0,0.0,0.0,0.0,3.9044694,0.0,0.0,2.003,0.0,0.0,0.238,0.0,1.226658943531682,0.0,1.5100546268461859,0.0,0.0
2030-05-09 07:00:00,0.9748449424133884,0.5229875525025747,0.15455176349199917,0.0,0.0,0.025699183232666623,0.466,0.0,0.7879628287429998,0.0,0.0,5.466179571257,0.0,0.0,2.003,0.0,0.0,0.238,0.0,0.0,2.138,0.0,0.0,0.0
2030-05-09 08:00:00,0.0,0.0,0.14652743904320442,0.15668192234210976,0.0,0.0,0.0,1.8083053998158762,0.27114449999999923,2.1206731173370414,0.0,6.36,0.3019831931103312,0.0,0.0,0.0,0.456,0.0,0.466,0.0,2.138,0.0,0.0,0.0
2030-05-09 09:00:00,0.0,0.6901385005501652,0.0,0.0,0.0,0.0,0.0,0.0,0.5345222371666756,0.0,0.0,4.332571662833324,0.4942031923909354,0.0,0.12266395653825246,0.832,0.0,0.0,0.0,0.4821560975978435,0.0,0.0,0.0,0.0
2030-05-09 10:00:00,0.0,0.6344513839498984,0.14420773544197374,0.0,0.0,0.0,0.0,0.0,0.7188820683343994,0.0,0.0,4.159878631665599,0.54709396886734,0.0,0.0,0.832,0.0,0.0,0.0,0.6125374635149569,0.0,0.0,0.0,0.0
2030-05-09 11:00:00,0.47368491262566564,0.0,0.0,0.0,0.0,0.0,0.4419358568956144,1.5598035387867024,0.557178099999998,1.8439016504704537,0.0,6.36,0.0,0.18325592871031177,0.0,0.0,0.0,0.238,0.0,0.0,2.138,0.0,0.0,0.0
2030-05-09 12:00:00,0.4028528379276092,0.0,0.0,0.0,0.08549178940820112,0.238,0.0,1.8836571796719284,0.4407896999999972,2.31903262194837,0.0,6.36,0.0,0.15461476566968463,0.0,0.0,0.0,0.238,0.0,0.0,2.138,0.0,0.0,0.0
2030-05-09 13:00:00,0.2041611803982975,0.0,0.08219157976031882,0.0,0.0,0.0,0.0,2.167112401618704,0.5022543999999973,2.336640037263714,0.0,6.36,0.0,0.11143809879886984,0.0,0.0,0.0,0.238,0.0,0.0,2.138,0.0,0.0,0.0
2030-05-09 14:00:00,0.0,0.7570991939883727,0.0,0.0,0.0,0.0,0.0,2.084510199305541,0.5010950999999979,2.252080544787856,0.0,6.36,0.5271418026808176,0.0,0.11432936642477731,0.832,0.0,0.238,0.0,0.0,2.138,0.0,0.0,0.0
2030-05-09 15:00:00,0.0,0.7649478079104055,0.0,0.0,0.0,0.0,0.0,1.8220582151816629,0.3226699999999978,2.063205043420827,0.0,6.36,0.4693016618533842,0.0,0.18299294888833395,0.832,0.0,0.238,0.0,0.0,2.138,0.0,0.0,0.0
2030-05-09 16:00:00,0.0,0.7438802412431346,0.0,0.0,0.0,0.0,0.061080635500304015,0.0,0.0,0.0,0.0,4.651113099999997,0.38977886368872455,0.0,0.3453580702079317,0.832,0.0,0.238,0.0,0.3794639857873496,0.0,0.0,0.0,0.0
2030-05-09 17:00:00,0.0,0.7180193718340073,0.0,0.0,0.0,0.0,0.0,1.5236794795966877,0.6675407999999985,1.61899981007657,0.0,6.36,0.4346060360867313,0.0,0.3147734729591877,0.832,0.0,0.238,0.0,0.0,2.138,0.0,0.0,0.0
2030-05-09 18:00:00,0.0,0.8757488227521585,0.0,0.0,0.0,0.0,0.0,1.2075904755416533,0.5523386999999991,1.2084937352972034,0.0,6.36,0.3933871521900443,0.0,0.5776554627036089,0.832,0.0,0.238,0.0,0.0,2.138,0.0,0.0,0.0
2030-05-09 19:00:00,0.0,0.7227653131584033,0.0,0.0,0.0,0.0,0.0,1.1407324316689111,0.8299346199999986,1.3013898757394138,0.0,6.36,0.43726373415866926,0.0,0.35018155667851153,0.832,0.0,0.238,0.0,0.0,2.138,0.0,0.0,0.0
2030-05-09 20:00:00,0.0,0.6472743004030176,0.0,0.0,0.0,0.0,0.0,0.0,0.0,0.0,0.0,4.845471109999998,0.39176571830681295,0.0,0.18742470413394774,0.832,0.0,0.0,0.0,0.3646911154070125,0.0,0.22523390863330484,0.0,0.0
2030-05-09 21:00:00,0.0,0.6542238931793805,0.0,0.0,0.0,0.0,0.0,0.9623907559294973,0.8276173385464061,0.0,0.0,5.330667391453593,0.03366610594903374,0.0,0.3526466478817533,0.0,0.0,0.238,0.0,0.0,2.138,0.0,0.0,0.0
2030-05-09 22:00:00,0.0,0.5304608018787371,0.4793480284138891,0.0,0.0,0.0,0.0,1.0289083539294968,1.1827608936084948,0.0,0.0,3.9463578063915046,0.6170511320876992,0.0,0.0,0.0,0.0,0.238,0.466,0.0,2.138,0.0,0.0,0.0
2030-05-09 23:00:00,0.0,0.48010570154509247,0.0,0.0,0.0,0.0,0.043742027639495085,0.8584429649294962,0.0,0.0,0.0,4.3928690439999984,0.09714922512974189,0.0,0.0309113973538655,0.0,0.0,0.238,0.0,0.0,2.138,0.0,0.0,0.0
2030-06-26 00:00:00,0.0,0.7662409000760353,2.0697202440663593,0.0,0.0,0.0,0.0,0.24254406892949643,1.3913206180355484,0.0,0.0,3.7989000919644518,0.7094163000398105,0.0,0.0,0.832,0.0,0.0,0.0,0.0,0.0,0.0,0.0,0.0
2030-06-26 01:00:00,0.0,0.6572008381332735,1.4675156643100284,0.0,0.0,0.0,0.0,1.1711072581418964,2.138,1.0496480370350723,0.0,4.626569459999999,0.2452613132410026,0.0,0.0,0.0,0.0,0.0,0.466,0.0,2.138,0.0,0.0,0.0
2030-06-26 02:00:00,0.13186645876079428,0.6825305942276421,0.7827886023986395,0.0,0.0,0.0,0.05706384843795398,1.028654179929498,2.138,0.0,0.0,4.256342559999998,0.0,0.0,0.0,0.0,0.0,0.238,0.0,0.0,2.138,0.0,0.0,0.0
2030-06-26 03:00:00,0.58331764608027,0.6331179374385316,0.0,0.0,0.0,0.0,0.37267873063557255,0.28561896021927957,0.0,1.8277171136569539,0.0,6.35525117,0.0,0.0,0.0,0.0,0.0,0.238,0.0,0.0,0.0,0.0,2.207,0.0
2030-06-26 04:00:00,0.7370679661179182,0.0,0.07792455688026245,0.3831587963164007,0.0,0.0,0.0,0.6583023749136495,2.138,0.4660038103513253,0.0,4.429277519999999,0.0,0.0,0.0,0.0,0.0,0.238,0.0,0.0,2.138,0.0,0.0,0.0
2030-06-26 05:00:00,0.0,0.9778189075427999,0.0,0.0,0.0,0.0,0.0,2.340861304473091,0.32799655999999855,2.5638189859107676,0.0,6.36,0.3494667767261205,0.0,0.19959575101139704,0.832,0.0,0.238,0.0,0.0,2.138,0.0,0.0,0.0
2030-06-26 06:00:00,0.34079079206370283,0.0,0.0,0.0,0.0,0.0,0.0,2.3578428208186732,0.5261954999999978,2.9637973864719234,0.0,6.36,0.0,0.0,0.26824438222497615,0.025201546293812317,0.0,0.0,0.466,0.0,2.138,0.0,0.0,0.0
2030-06-26 07:00:00,0.6902980938416322,0.0,0.0,0.11300548479155949,0.0,0.0,0.0,1.7995352140472638,0.9673467999999978,2.640147950213941,0.0,6.36,0.0,0.0,0.6429203890463108,0.0,0.0,0.0,0.466,0.0,2.138,0.0,0.0,0.0
2030-06-26 08:00:00,0.7223326349843713,0.0,0.0,0.16851506383948384,0.0,0.0,0.0,0.9027735754777609,0.0,2.1554524181121724,0.0,6.0320194,0.0,0.0,0.6169730320875878,0.0,0.0,0.0,0.466,0.0,0.0,0.0,0.0,0.0
2030-06-26 09:00:00,0.47626905164095656,0.9464300809907152,0.5319140057145525,0.0,0.0,0.0,0.466,0.0,1.1659167965259911,0.0,0.0,5.423635603474019,0.0,0.0,2.003,0.832,0.0,0.238,0.0,1.3173356201033033,0.0,0.0,0.0,0.0
2030-06-26 10:00:00,0.057468645075461455,0.7728701514155577,0.0,0.0,0.0,0.0,0.0,0.0,1.3390116614617664,0.0,0.0,5.154295389722289,0.0,0.0,0.9300660537587513,0.832,0.0,0.238,0.0,1.576244743735844,0.0,0.0,0.0,0.0
2030-06-26 11:00:00,0.5815044112210291,0.8564075460494612,0.4764233528619436,0.0,0.0,0.0,0.466,0.0,0.457933057033872,0.0,0.0,5.784718697424428,0.0,0.0,2.003,0.832,0.0,0.238,0.0,1.8350021664822616,0.0,0.0,0.0,0.0
2030-06-26 12:00:00,0.6551484685393442,0.9294210720050934,0.38680411238674905,0.0,0.0,0.0,0.466,0.30936299230916786,0.0,0.857672723926413,1.7099969694027939,6.36,0.0,0.0,2.003,0.832,0.0,0.238,0.0,0.0,2.138,0.0,0.0,0.0
2030-06-26 13:00:00,0.7462438758443382,0.9742067354817657,0.40319594513383716,0.0,0.0,0.0,0.2463913582314326,0.0,2.138,0.0,0.0,3.665104469402796,0.0,0.0,2.003,0.832,0.0,0.0,0.0,4.44,0.0,1.6287722420771389,0.0,0.0
2030-06-26 14:00:00,1.4189244220358372,0.19298333485640806,0.6098682681075176,0.0,0.0,0.0,0.0,0.0,1.9378394863457906,0.0,0.0,3.783590322405442,0.0,0.0,2.003,0.0,0.0,0.0,0.0,4.44,0.0,1.3664789686684404,0.0,0.0
2030-06-26 15:00:00,1.510179393745135,0.2137241590331271,0.6673486389322596,0.0,0.0,0.0,0.0,0.0,1.884939571783776,0.0,0.0,3.92824076756468,0.0,0.0,2.003,0.0,0.0,0.0,0.0,4.44,0.0,1.2704670665681075,0.0,0.0
2030-06-26 16:00:00,0.48143976848475634,1.0252880429860878,0.0,0.0,0.0,0.0,0.0,0.0,2.0984351428119243,0.0,0.0,3.691151357188094,0.0,0.0,0.9076655925975522,0.832,0.0,0.238,0.0,4.44,0.0,1.6781058809369833,0.0,0.0
2030-06-26 17:00:00,0.4765753424477336,0.9724163879725178,0.0,0.0,0.0,0.0,0.0,0.0,0.9335580075521994,0.0,0.0,5.4219148250563185,0.0,0.0,0.6303315064193223,0.832,0.0,0.238,0.0,2.4606366718181425,0.0,0.0,0.0,0.0
2030-06-26 18:00:00,0.36079767497996806,0.8617087066411573,0.0,0.0,0.0,0.0,0.0,0.0,1.2569881990196365,0.0,0.0,5.0698606131389035,0.0,0.0,0.1639972387669445,0.832,0.0,0.238,0.0,1.2588433769816203,0.0,0.0,0.0,0.0
2030-06-26 19:00:00,0.03581927776679572,0.6762986747244906,0.8455601494350611,0.0,0.0,0.0,0.0,0.0,0.6991238000000131,1.1224228417644726,0.0,6.36,0.0,0.0,0.0,0.832,0.0,0.238,0.0,0.15518696230603213,0.0,0.0,0.0,0.0
2030-06-26 20:00:00,0.0,0.41357094625297036,2.2714390894078074,0.0,0.0,0.0,0.0,2.5386869768910882,0.0183257405009849,0.5354695909615961,2.207,6.36,0.27057498516073497,0.0,0.0,0.832,0.0,0.0,0.0,0.0,0.0,0.0,0.0,0.0
2030-06-26 21:00:00,0.0,0.1989822064101171,3.6032015906923065,0.0,0.0,0.0,0.0,2.4863344866463524,0.191370169999999,1.0873455807168564,2.207,6.36,0.714645654703239,0.0,0.0,0.832,0.0,0.0,0.0,0.0,0.0,0.0,0.0,0.0
2030-06-26 22:00:00,0.0,0.5529877795152338,3.3402241294442536,0.0,0.456,0.0,0.0,2.664657354056178,0.8112999400000032,3.026174526126683,0.0,6.36,0.46664885768639147,0.0,0.0,0.832,0.0,0.0,0.0,0.0,0.0,0.0,0.0,0.0
2030-06-26 23:00:00,0.0,0.0,3.809200523123987,0.0,0.0,0.0,0.0,3.0158765692893716,1.6062367100000001,2.691146133359875,0.0,6.36,0.3283755533057473,0.3419988395297221,0.0,0.0,0.0,0.238,0.0,0.0,2.138,0.0,0.0,0.0
2030-06-27 00:00:00,0.0,0.0,3.31760234851009,0.0,0.0,0.0,0.0,3.119162671851603,1.6967272400000004,2.7666956379221057,0.0,6.36,0.2734071968748244,0.378255306481437,0.0,0.0,0.0,0.238,0.0,0.0,2.138,0.0,0.0,0.0
2030-06-27 01:00:00,0.016497889491091655,0.16073020276729055,2.0140114702708245,0.0,0.0,0.0,0.0,0.28941734292949617,1.452813780643266,0.0,0.0,3.823226719356733,0.0,0.0,0.0,0.0,0.0,0.0,0.0,0.0,0.0,0.0,0.0,0.0
2030-06-27 02:00:00,0.0,0.527395132993355,1.3513058640298103,0.0,0.0,0.0,0.0,2.7125156717362753,0.6118793099999982,2.375639770806778,0.0,6.36,0.17199400618866625,0.0,0.0,0.0,0.0,0.238,0.0,0.0,2.138,0.0,0.0,0.0
2030-06-27 03:00:00,0.0,0.5058636009767413,1.120140820507717,0.0,0.0,0.0,0.0,1.3185949369091314,2.138,1.1189197584877726,0.0,4.655061379999999,0.29628766264231526,0.0,0.0,0.0,0.0,0.0,0.466,0.0,2.138,0.0,0.0,0.0
2030-06-27 04:00:00,0.25224770834794297,0.0,0.9004459899945169,0.2335325778753158,0.0,0.0,0.0,2.6113154750850973,0.6745597299999977,2.5736023581555996,0.0,6.36,0.0,0.0,0.0,0.0,0.0,0.238,0.0,0.0,2.138,0.0,0.0,0.0
2030-06-27 05:00:00,0.0,0.0,1.2986611055657145,0.0052721333884968025,0.0,0.0,0.0,1.796813410852943,2.138,1.8505103479234473,0.0,5.005437659999998,0.3595642023012682,0.0,0.0,0.0,0.0,0.238,0.466,0.0,2.138,0.0,0.0,0.0
2030-06-27 06:00:00,0.0,0.676887736393106,0.13724843753453797,0.0,0.0,0.0,0.0,0.953446295940353,0.0,1.4730149604126392,0.0,5.150049399999998,0.26335968565604206,0.0,0.0,0.832,0.0,0.0,0.0,0.0,0.0,0.0,0.0,0.0
2030-06-27 07:00:00,0.3538012611433434,0.0,0.0,0.011845472036379503,0.0,0.0,0.0,2.0536236961581116,1.1887821999999986,2.780176057312877,0.0,6.36,0.0,0.0,0.1464281084811141,0.0,0.0,0.0,0.466,0.0,2.138,0.0,0.0,0.0
2030-06-27 08:00:00,0.0,0.9154184918568467,0.0,0.0,0.0,0.0,0.0,0.923361560786373,0.0,1.723705652424436,0.0,6.258264300000001,0.26877994339948075,0.0,0.2931259975816718,0.832,0.0,0.238,0.0,0.0,0.0,0.0,0.0,0.0
2030-06-27 09:00:00,0.0,0.8208586174089847,0.0,0.0,0.0,0.0,0.0,0.0,1.5850943843866876,0.0,0.0,5.1373502156133215,0.05931168148174992,0.0,0.4879852271008671,0.832,0.0,0.238,0.0,1.1139731840476506,0.0,0.0,0.0,0.0
2030-06-27 10:00:00,0.08423652798526515,0.8026588303440191,0.0,0.0,0.0,0.0,0.0,0.0,0.8190657338872791,0.0,0.0,5.490819964842373,0.0,0.0,0.9370261044807702,0.832,0.0,0.238,0.0,1.604324439527848,0.0,0.0,0.0,0.0
2030-06-27 11:00:00,0.8579352694998542,0.9052722622439998,0.038908785389356604,0.0,0.456,0.0,0.0,0.32708971692282596,2.138,0.0,0.0,3.739248096891824,0.0,0.0,2.003,0.832,0.0,0.0,0.0,4.44,0.0,1.9123180445003851,0.0,0.0
2030-06-27 12:00:00,0.5568690078984859,0.0,0.0,0.15053543248909868,0.0,0.0,0.0,0.0,0.0,0.5034307490719582,0.0,5.730638196891826,0.0,0.0,0.7575967552262748,0.0,0.456,0.0,0.466,2.16155052516892,0.0,0.0,0.0,0.0
2030-06-27 13:00:00,0.42778490777269,0.18614417816833884,0.0,0.0,0.0,0.0,0.0,0.0,0.0,0.8349577678181533,1.7728883000000182,6.36,0.0,0.0,0.735649095060975,0.0,0.456,0.0,0.466,0.3877249579919292,2.138,0.0,0.0,0.0
2030-06-27 14:00:00,0.37475880354564817,0.0,0.0,0.18032010029890325,0.0,0.0,0.0,0.0,2.05074629230325,0.0,0.0,4.132839407696768,0.0,0.0,0.38145284242960603,0.0,0.456,0.238,0.466,4.44,0.0,1.5978468896976503,0.0,0.0
2030-06-27 15:00:00,0.359325581314898,0.0,0.0,0.17176015750116438,0.0,0.0,0.0,0.0,0.5371172444638008,0.0,0.0,5.668101755536214,0.0,0.0,0.2235374162702744,0.0,0.456,0.238,0.466,2.825099595031001,0.0,0.0,0.0,0.0
2030-06-27 16:00:00,0.2646522022624667,0.0,0.07072690092318923,0.12859921085086656,0.0,0.0,0.0,0.0,1.0454492607171497,0.0,0.0,5.05982803928287,0.0,0.0,0.0,0.0,0.456,0.238,0.466,2.8581063631795702,0.0,0.0,0.0,0.0
2030-06-27 17:00:00,1.1020075934613982,0.8891741147588966,0.5726795100402908,0.0,0.456,0.0,0.2794063130030321,0.0,2.138,0.0,0.0,3.797383500000019,0.0,0.0,2.003,0.832,0.0,0.0,0.0,4.44,0.0,1.9409906045105876,0.0,0.0
2030-06-27 18:00:00,0.0,0.7533400618662646,0.21260065302087816,0.0,0.0,0.0,0.0,0.0,1.1506584684314007,0.0,0.0,5.273299141502181,0.08489330360036484,0.0,0.0,0.832,0.0,0.238,0.0,1.066675879696923,0.0,0.0,0.0,0.0
2030-06-27 19:00:00,0.0,0.5858589965504318,0.9924112692156403,0.0,0.0,0.0,0.0,0.0,1.314624300000018,1.0502348555889647,0.0,6.36,0.1559313512721272,0.0,0.0,0.832,0.0,0.0,0.0,0.20015277848154245,0.0,0.0,0.0,0.0
2030-06-27 20:00:00,0.0,0.3538124550570324,2.618411293716977,0.0,0.0,0.0,0.0,0.725949863563409,1.4983683281704636,0.6304733676339138,0.0,6.36,0.6200950262577455,0.0,0.0,0.832,0.0,0.0,0.0,0.0,0.0,0.0,0.0,0.0
2030-06-27 21:00:00,0.0,0.1150394675763734,3.5326801660579124,0.0,0.0,0.0,0.1657241986368332,1.7280984559294947,0.6921184199999928,0.0,2.207,6.36,0.7215353309477629,0.0,0.0,0.832,0.0,0.0,0.0,0.0,0.0,0.0,0.0,0.0
2030-06-27 22:00:00,0.0,0.0,3.5451210929464394,0.0,0.0,0.0,0.0,1.3117848563747376,1.6687139900000023,1.8446669203186747,0.0,6.36,0.13885720826046066,0.3961809302097308,0.0,0.0,0.0,0.0,0.0,0.0,0.0,0.0,0.0,0.0
2030-06-27 23:00:00,0.0,0.3449676055746691,3.4081638144411888,0.0,0.0,0.0,0.0,2.595202175444226,0.3795353400000021,2.64076178451473,0.0,6.36,1.0341891574329733,0.0,0.0,0.832,0.0,0.0,0.0,0.0,0.0,0.0,0.0,0.0
2030-06-28 00:00:00,0.0,0.0,2.9484460404211643,0.0,0.0,0.0,0.0,2.743985072307911,1.6087221200000004,2.418172644378415,0.0,6.36,0.3124406008057692,0.484754475001714,0.0,0.0,0.0,0.238,0.0,0.0,2.138,0.0,0.0,0.0
2030-06-28 01:00:00,0.0,0.2771600932920787,2.4546161421705808,0.0,0.0,0.0,0.0,1.7214694257661023,0.0,1.9308778408366054,0.0,5.5567818199999985,0.9238994270859043,0.0,0.0,0.832,0.0,0.0,0.0,0.0,0.0,0.0,0.0,0.0
2030-06-28 02:00:00,0.0,0.0,2.585799321312324,0.0,0.456,0.0,0.0,2.870922127389474,0.0,2.623002480459977,0.0,5.700002379999999,0.4527862380088794,0.6254926684958398,0.0,0.0,0.0,0.238,0.466,0.0,0.0,0.0,0.0,0.0
2030-06-28 03:00:00,0.0,0.0,2.71408891511205,0.0,0.0,0.0,0.0,2.242733113840759,0.0,2.4573763129112622,0.0,5.50283866,0.6553386902246263,0.5895752227003318,0.0,0.0,0.0,0.0,0.466,0.0,0.0,0.0,0.0,0.0
2030-06-28 04:00:00,0.0,0.5301768781193732,1.827321381199864,0.0,0.0,0.0,0.0,1.829379368990077,0.0,1.9557130380605816,0.0,5.389183389999998,0.87499810088549,0.0,0.0,0.832,0.0,0.0,0.0,0.0,0.0,0.0,0.0,0.0
2030-06-28 05:00:00,0.0,0.5063316500460657,1.4595590833816567,0.0,0.0,0.0,0.0,1.8820229500817387,0.0,2.1492987463873092,0.0,5.4306806299999995,0.6844781670036063,0.0,0.0,0.832,0.0,0.0,0.0,0.0,0.0,0.0,0.0,0.0
2030-06-28 06:00:00,0.14091202987559295,0.0,0.9798673762463288,0.0,0.0,0.0,0.0,2.6265689555069605,1.2554707999999999,2.9364028037245093,0.0,6.36,0.0,0.29464813131712914,0.0,0.0,0.0,0.0,0.0,0.0,2.138,0.0,0.0,0.0
2030-06-28 07:00:00,0.0,0.0,1.8524950557425934,0.0,0.0,0.0,0.0,2.3112771562471623,1.7594144000000025,2.506923594224057,0.0,6.36,0.6287348826534799,0.4259329173194218,0.0,0.0,0.0,0.238,0.0,0.0,2.138,0.0,0.0,0.0
2030-06-28 08:00:00,0.0,0.5282891768323412,1.5733434815882004,0.0,0.0,0.0,0.0,1.3788874282938597,0.6223435999999993,2.3044525397563627,0.0,6.36,1.086047810754368,0.0,0.0,0.832,0.0,0.0,0.0,0.0,0.0,0.0,0.0,0.0
2030-06-28 09:00:00,0.0,0.6600631804405493,0.2377420058679336,0.0,0.0,0.0,0.0,0.3578705195109855,0.6549320999999955,1.7172229241004313,0.0,6.36,0.4255635026623341,0.0,0.0,0.832,0.0,0.0,0.0,0.0,0.0,0.0,0.0,0.0
2030-06-28 10:00:00,0.0,0.6630410663493685,0.0,0.0,0.0,0.0,0.0,0.0,1.5480562150156567,0.0,0.0,4.936706712550153,0.2572256081807083,0.0,0.3170488328787871,0.832,0.0,0.238,0.0,1.5294725227872128,0.0,0.0,0.0,0.0
2030-06-28 11:00:00,0.2315609794004124,0.0,0.0,0.0,0.0,0.0,0.0,0.0,1.4416786492815694,0.0,0.0,4.616983350718439,0.0,0.0,0.24627777272828758,0.04168459739374772,0.0,0.238,0.466,1.934603796582463,0.0,0.0,0.0,0.0
2030-06-28 12:00:00,0.0,0.8694011527731452,0.0,0.0,0.0,0.0,0.0,0.0,0.9725287062142203,0.0,0.0,4.885224329635147,0.006966398669865037,0.0,0.8760835517473737,0.832,0.0,0.238,0.0,2.4079449664971273,0.0,0.0,0.0,0.0
2030-06-28 13:00:00,0.9201527429116221,0.9109329670931804,0.22293451151012245,0.0,0.456,0.1869065530564823,0.0,0.0,2.138,0.0,0.0,3.6559140358493747,0.0,0.0,2.003,0.832,0.0,0.0,0.0,4.44,0.0,1.2711977475522835,0.0,0.0
2030-06-28 14:00:00,0.4396482532694961,0.09161945907737047,0.0,0.0,0.0,0.0,0.0,0.4715855199678043,0.0,1.62491322477075,1.759429600000018,6.36,0.0,0.0,0.3523279410078337,0.0,0.0,0.238,0.466,0.0,2.138,0.0,0.0,0.0
2030-06-28 15:00:00,0.5986596040119025,0.0,0.0,0.11477257139147247,0.0,0.0,0.0,0.0,1.2431374453137591,0.0,0.0,4.838945054686262,0.0,0.0,0.2956240652392549,0.0,0.0,0.238,0.466,2.90478475027692,0.0,0.0,0.0,0.0
2030-06-28 16:00:00,1.6841987955946147,0.09581826548130963,0.6635754677691533,0.0,0.0,0.0,0.466,0.0,1.5682414817394341,0.0,0.0,4.414469118260584,0.0,0.0,2.003,0.0,0.0,0.0,0.0,4.44,0.0,1.3674159102638024,0.0,0.0
2030-06-28 17:00:00,0.5487299669360937,0.0,0.0627370301004666,0.042701632343806945,0.0,0.0,0.0,0.0,0.1624368000000196,1.7937819077281685,0.0,6.36,0.0,0.0,0.0,0.0,0.0,0.238,0.466,0.6877214355141061,0.0,0.0,0.0,0.0
2030-06-28 18:00:00,0.05763532945151828,0.7796794204504275,0.04677326699083373,0.0,0.0,0.0,0.0,0.0,0.991698819641123,0.8213677071118344,0.0,6.36,0.0,0.0,0.0,0.832,0.0,0.238,0.0,0.19664975991040534,0.0,0.0,0.0,0.0
2030-06-28 19:00:00,0.0,0.6225783785193577,0.9676786979697403,0.0,0.0,0.0,0.0,0.0,1.35889576202048,0.0,0.0,5.868954437979534,0.1745049213117168,0.0,0.0,0.832,0.0,0.238,0.0,0.8872190911865621,0.0,0.0,0.0,0.0
2030-06-28 20:00:00,0.0,0.3496870202127907,2.2144515941361553,0.0,0.0,0.0,0.0,1.9023769586700254,0.0,0.0,2.188474000000017,6.36,0.4491827303490671,0.0,0.0,0.832,0.0,0.0,0.0,0.0,0.0,0.03573061725948623,0.0,0.0
2030-06-28 21:00:00,0.0,0.06662092144818665,3.4825973919829645,0.0,0.0,0.0,0.0,2.4335719572137977,0.21622638000000194,1.0238699412843024,2.207,6.36,0.8836142845920175,0.0,0.0,0.832,0.0,0.0,0.0,0.0,0.0,0.0,0.0,0.0
2030-06-28 22:00:00,0.06475609262595278,0.0,3.5032519311513646,0.0,0.456,0.0,0.0,2.585257318653478,0.9274873900000014,2.896698811723982,0.0,6.36,0.0,0.5447917884462188,0.0,0.0,0.0,0.0,0.0,0.0,0.0,0.0,0.0,0.0
2030-06-28 23:00:00,0.02091866466957165,0.0,3.644287032475172,0.0,0.456,0.238,0.0,2.246019845919994,0.0,2.310748746990499,0.0,6.35844287,0.0,0.7438655701644158,0.0,0.0,0.0,0.0,0.0,0.0,0.0,0.0,0.0,0.0
2030-08-01 00:00:00,0.0,0.26152347729542924,2.5993069660125903,0.0,0.0,0.0,0.0,1.668641828127119,0.0,1.836386379197621,0.0,5.80658281,1.026619991112561,0.0,0.0,0.832,0.0,0.0,0.0,0.0,0.0,0.0,0.0,0.0
2030-08-01 01:00:00,0.0,0.0,2.807194886022501,0.0,0.0,0.0,0.0,3.0079372197908607,1.436629299999999,2.7576479738613644,0.0,6.36,0.5622405349012292,0.5917017799620249,0.0,0.0,0.0,0.238,0.0,0.0,2.138,0.0,0.0,0.0
2030-08-01 02:00:00,0.0,0.6089335275895424,1.9897397958188232,0.0,0.0,0.0,0.0,0.22067210192949704,1.5432030704343287,0.0,0.0,3.6673495595656718,1.1212195420548752,0.0,0.0,0.832,0.0,0.0,0.0,0.0,0.0,0.0,0.0,0.0
2030-08-01 03:00:00,0.0,0.0,1.9273053908032198,0.832,0.0,0.0,0.0,1.9864422447952745,0.0,1.8736027408657776,0.0,5.0581473599999995,0.047589576329124916,0.6972489592355559,0.0,0.0,0.0,0.238,0.466,0.0,0.0,0.0,0.0,0.0
2030-08-01 04:00:00,0.0,0.0,1.185656825000098,0.0,0.0,0.0,0.0,2.718379832901305,0.835648029999998,2.780991993971808,0.0,6.36,0.21948836389531734,0.0741638879975432,0.0,0.0,0.0,0.238,0.0,0.0,2.138,0.0,0.0,0.0
2030-08-01 05:00:00,0.0,0.5626928998134952,0.70073197995974,0.0,0.0,0.0,0.0,1.3120147114347314,0.0,1.7161590935052349,0.0,5.142166069999999,0.594011808712374,0.0,0.0,0.832,0.0,0.0,0.0,0.0,0.0,0.0,0.0,0.0
2030-08-01 06:00:00,0.0,0.0,0.8742591636220018,0.0,0.0,0.0,0.0,1.390055575139554,0.0,1.8835064738338825,0.0,5.0795043,0.38499842013140473,0.1364944986651266,0.0,0.0,0.456,0.0,0.466,0.0,0.0,0.0,0.0,0.0
2030-08-01 07:00:00,0.0,0.8035587206486432,0.0,0.0,0.0,0.0,0.0,1.8091828883110757,1.2833277000000014,2.3526464230659974,0.0,6.36,0.3745716785504304,0.0,0.336487319890409,0.832,0.0,0.238,0.0,0.0,2.138,0.0,0.0,0.0
2030-08-01 08:00:00,0.0,0.0,0.5865532905305726,0.008962867919140013,0.0,0.0,0.0,1.3060148865951517,0.0,2.4696100829823004,0.0,6.2378866,0.36868404837617497,0.0,0.0,0.0,0.456,0.0,0.466,0.0,0.0,0.0,0.0,0.0
2030-08-01 09:00:00,0.0,0.7842641276319,0.0,0.0,0.0,0.0,0.195837766946438,0.0,0.2384862000000023,1.3197011144312039,0.0,6.36,0.022010149069329243,0.0,0.7966748855562165,0.832,0.0,0.238,0.0,0.0,0.0,0.0,0.0,0.0
2030-08-01 10:00:00,0.0,0.7395912276764992,0.0,0.0,0.0,0.0,0.0,0.0,1.33978641355976,0.0,0.0,5.0970563864402525,0.01871611030439435,0.0,0.9494221330059048,0.832,0.0,0.238,0.0,1.6269430645511562,0.0,0.0,0.0,0.0
2030-08-01 11:00:00,0.5164448060051531,0.8290716938542211,0.3876092256696255,0.0,0.0,0.0,0.466,0.0,0.5919386634486192,0.0,0.0,5.642881563190335,0.0,0.0,2.003,0.832,0.0,0.238,0.0,2.0196128302184895,0.0,0.0,0.0,0.0
2030-08-01 12:00:00,1.410640919952462,0.07427662437080557,0.26417439215987,0.0,0.0,0.0,0.466,0.0,0.4335386034137847,0.0,0.0,5.431392523225172,0.0,0.0,2.003,0.0,0.0,0.238,0.0,2.446732177884438,0.0,0.0,0.0,0.0
2030-08-01 13:00:00,0.9002618474040882,0.0,0.0,0.11343905241594213,0.0,0.024974203514022124,0.0,0.0,2.138,0.0,0.0,3.6731186266389626,0.0,0.0,1.0828750218028418,0.0,0.456,0.0,0.0,4.44,0.0,1.4667851165001682,0.0,0.0
2030-08-01 14:00:00,0.29382410345163223,0.0,0.0,0.14796432662494613,0.0,0.054955016372170484,0.0,0.0,0.0,1.3783445605262203,1.6252866000000168,6.36,0.0,0.0,0.46276645265411975,0.0,0.456,0.238,0.466,0.0,2.138,0.0,0.0,0.0
2030-08-01 15:00:00,0.29544758836055696,0.0,0.0,0.15552815586037744,0.0,0.0,0.0,0.0,0.0,1.0663518391398328,1.7522218000000134,6.36,0.0,0.0,0.4185354295967385,0.0,0.456,0.238,0.466,0.11072125022055301,2.138,0.0,0.0,0.0
2030-08-01 16:00:00,0.33646987157762487,0.0,0.0,0.1462799610411459,0.0,0.0,0.0,0.0,0.0,1.2140428889802695,1.6934290000000152,6.36,0.0,0.0,0.40188926991131374,0.0,0.456,0.238,0.466,0.03849154407362576,2.138,0.0,0.0,0.0
2030-08-01 17:00:00,0.7535562901946343,0.9307699310484706,0.34941571907159197,0.0,0.0,0.0,0.466,0.0,1.5288821751156023,0.0,0.0,4.1787746248844195,0.0,0.0,2.003,0.832,0.0,0.238,0.0,4.44,0.0,1.861807907307984,0.0,0.0
2030-08-01 18:00:00,0.1943081995950996,0.8131760864192981,0.0,0.0,0.0,0.0,0.0,0.0,0.6328715506814611,0.0,0.0,5.417052649318555,0.0,0.0,0.8031319001335576,0.832,0.0,0.238,0.0,1.513880487278355,0.0,0.0,0.0,0.0
2030-08-01 19:00:00,0.0,0.5724513905213616,0.41601102736516304,0.0,0.0,0.0,0.0,0.0,1.6819567191740212,0.0,0.0,5.655068580825993,0.1276776189189215,0.0,0.0,0.832,0.0,0.238,0.0,1.157859504070505,0.0,0.0,0.0,0.0
2030-08-01 20:00:00,0.0,0.2586325476054494,1.7392366146694571,0.0,0.0,0.0,0.12228481628552768,1.7294229279153868,0.0,0.0,1.8146212019858912,6.36,0.30167549809636374,0.0,0.0,0.832,0.0,0.0,0.0,0.0,0.0,0.0,0.0,0.0
2030-08-01 21:00:00,0.0,0.0,3.0030855483422383,0.0,0.0,0.0,0.24209773685268898,1.5257331159294938,0.48549196999999467,0.0,2.207,6.36,0.7088922200903434,0.006813881195616767,0.0,0.832,0.0,0.0,0.0,0.0,0.0,0.0,0.0,0.0
2030-08-01 22:00:00,0.0,0.0,3.8530259682195154,0.0,0.0,0.0,0.0,1.7453805785042258,1.3360414100000018,2.0031846875747297,0.0,6.36,0.7347382794097923,0.5415190065746175,0.0,0.0,0.0,0.238,0.0,0.0,0.0,0.0,0.0,0.0
2030-08-01 23:00:00,0.0,0.0,4.039532533224932,0.0,0.0,0.0,0.0,3.4521546121731026,0.0,2.772426862243605,0.08794975000000171,6.36,0.9515447552018532,0.6421754211430317,0.0,0.0,0.0,0.238,0.0,0.0,0.0,0.0,0.0,0.0
2030-08-02 00:00:00,0.8941153974490327,0.16598283165360672,3.779168024799775,0.0,0.0,0.0,0.0,2.7766676557855607,0.0,2.806726848856064,0.0,6.1754216060626685,2.473,0.0,0.0,0.832,0.0,0.0,0.0,0.0,0.0,0.0,0.0,0.0
2030-08-02 01:00:00,0.8857433886502714,0.19029515061488955,3.6870217790554527,0.0,0.0,0.0,0.0,2.6313176164044174,0.0,2.425545511956307,0.0,5.944612460000001,2.473,0.0,0.0,0.832,0.0,0.0,0.0,0.0,0.0,0.0,0.0,0.0
2030-08-02 02:00:00,0.0,0.16375307943566808,2.5991206484037335,0.0,0.0,0.0,0.0,2.221411714898604,0.0,1.8768269989691078,0.0,5.4980707299999985,0.6420888319465834,0.0,0.0,0.0,0.0,0.0,0.0,0.0,0.0,0.0,0.0,0.0
2030-08-02 03:00:00,0.0,0.0,1.9971319407927646,0.12584058008297136,0.0,0.0,0.0,1.723759855265605,2.138,1.6983440541850707,0.0,5.30387921,0.2630052232457025,0.0,0.0,0.0,0.0,0.0,0.0,0.0,2.138,0.0,0.0,0.0
2030-08-02 04:00:00,0.0,0.0,1.7210792299983448,0.0,0.0,0.0,0.0,2.8597069962342525,0.9802065899999977,2.8286133233047543,0.0,6.36,0.32242384518001255,0.07240954996979138,0.0,0.0,0.0,0.238,0.0,0.0,2.138,0.0,0.0,0.0
2030-08-02 05:00:00,0.0,0.0,1.3442069956068008,0.0,0.0,0.0,0.0,2.743099303378857,1.06492847,2.9824044520091215,0.0,6.36,0.07329125392034719,0.25961067515422453,0.0,0.0,0.0,0.238,0.0,0.0,2.138,0.0,0.0,0.0
2030-08-02 06:00:00,0.1858834282785467,0.0,0.5946473319513484,0.0,0.0,0.0,0.0,2.4955438521238236,0.9480171,2.703926707831932,0.0,6.36,0.0,0.14650576288861403,0.0,0.0,0.0,0.238,0.0,0.0,2.138,0.0,0.0,0.0
2030-08-02 07:00:00,0.5003060621913302,0.0,0.0,0.0,0.0,0.0,0.34463835007643095,1.58159278818591,1.4568148000000014,2.0721640469055513,0.0,6.36,0.0,0.1272386122611385,0.0,0.0,0.0,0.238,0.0,0.0,2.138,0.0,0.0,0.0
2030-08-02 08:00:00,0.3825339595344536,0.0,0.0,0.0,0.058783129133753234,0.238,0.0,0.9645314284843569,0.0,2.18691308663539,0.0,6.356508800000001,0.0,0.10998979057960295,0.0,0.0,0.0,0.238,0.0,0.0,0.0,0.0,0.0,0.0
2030-08-02 09:00:00,0.275145366703342,0.0,0.020834772350317526,0.0,0.0,0.0,0.0,0.36013908778664816,0.44997313321527577,1.6175938591672185,0.0,6.36,0.0,0.1265034286991157,0.0,0.0,0.0,0.238,0.0,0.0,0.0,0.0,0.0,0.0
2030-08-02 10:00:00,0.0,0.6220693588564166,0.0,0.0,0.0,0.0,0.0,0.0,1.6017263849673309,0.0,0.0,5.011804448247955,0.26499573972246504,0.0,0.43890716048484524,0.832,0.0,0.238,0.0,1.5768471209752402,0.0,0.0,0.0,0.0
2030-08-02 11:00:00,0.0,0.7350392436277798,0.0,0.0,0.0,0.0,0.0,0.0,1.2843540230366752,0.0,0.0,5.0971927769633405,0.14171817746870652,0.0,0.7055320417911279,0.832,0.0,0.238,0.0,1.9816033181708952,0.0,0.0,0.0,0.0
2030-08-02 12:00:00,0.0,0.8222381541085706,0.0,0.0,0.0,0.0,0.0,0.0,1.1437864332973096,0.0,0.0,4.944022042100938,0.061752531396428556,0.0,0.8775899369798384,0.832,0.0,0.238,0.0,2.4107718282106156,0.0,0.0,0.0,0.0
2030-08-02 13:00:00,0.36639826703438033,0.04877538860540434,0.0,0.0,0.0,0.0,0.0,0.0,0.0,1.2825843553969705,0.0,5.986982500000017,0.0,0.0,0.49482483646468156,0.0,0.0,0.238,0.466,1.3774265870578661,0.0,0.0,0.0,0.0
2030-08-02 14:00:00,0.5224243583613323,0.9127299596600297,0.4812426420002062,0.0,0.0,0.0,0.466,0.0,1.5193321788448797,0.0,0.0,4.503359521155142,0.0,0.0,2.003,0.832,0.0,0.238,0.0,4.44,0.0,1.571404816617926,0.0,0.0
2030-08-02 15:00:00,0.09148630717879336,0.0,0.0,0.07558998350725676,0.0,0.0,0.0,0.0,0.6924424031413601,0.0,0.0,5.501924796858657,0.0,0.0,0.17966930355226696,0.0,0.456,0.238,0.466,2.830177495485579,0.0,0.0,0.0,0.0
2030-08-02 16:00:00,0.10534060607005175,0.0,0.0,0.05491153530722415,0.0,0.0,0.0,0.0,0.8488072961643258,0.0,0.0,5.24584140383569,0.0,0.0,0.14990643430938305,0.0,0.456,0.238,0.466,2.864839339941698,0.0,0.0,0.0,0.0
2030-08-02 17:00:00,0.433616039042055,0.0,0.0,0.0,0.0,0.0,0.0,0.45116198792806195,0.0,1.5177814398203853,1.6311487000000175,6.36,0.0,0.0,0.3259458326489155,0.02764189535826632,0.0,0.238,0.466,0.0,2.138,0.0,0.0,0.0
2030-08-02 18:00:00,0.0,0.6563265435472081,0.0,0.0,0.0,0.0,0.0,0.0,0.9244860409942168,0.0,0.0,5.256416374401098,0.07936667538915254,0.0,0.1260392806501036,0.832,0.0,0.238,0.0,1.1355114600684528,0.0,0.0,0.0,0.0
2030-08-02 19:00:00,0.0,0.3794026635472215,1.5744396305555832,0.0,0.0,0.0,0.0,0.0,1.819193742254317,0.0,0.0,5.637619957745701,0.4057056170872986,0.0,0.0,0.832,0.0,0.0,0.0,1.3442296840705064,0.0,0.0,0.0,0.0
2030-08-02 20:00:00,0.0,0.059867585286366265,3.4043860786039533,0.0,0.456,0.0,0.0009877473956816374,2.151901105929495,0.4346124500000137,0.0,2.207,6.36,0.6860277903004652,0.0,0.0,0.832,0.0,0.0,0.0,0.0,0.0,0.0,0.0,0.0
2030-08-02 21:00:00,0.4694286623057965,0.0,3.828632491086817,0.0,0.456,0.238,0.466,2.6208874799026955,0.5525716999999979,1.3042489139731983,2.207,6.36,0.0,0.9809561776442948,0.0,0.0,0.0,0.0,0.0,0.0,0.0,0.0,0.0,0.0
2030-08-02 22:00:00,0.2637836519406819,0.0,3.8869625855741448,0.0,0.456,0.238,0.466,2.1489415833429018,1.3646059300000033,2.510033298413407,0.0,6.36,0.0,0.6256726392445104,0.0,0.0,0.0,0.0,0.0,0.0,0.0,0.0,0.0,0.0
2030-08-02 23:00:00,0.0,0.0,4.04549032933112,0.0,0.18810084654624187,0.238,0.466,2.255016785775727,0.11864699000000023,2.126003941846232,0.0,6.36,0.04977936142415551,0.6772282102023048,0.0,0.0,0.0,0.0,0.0,0.0,0.0,0.0,0.0,0.0
2030-08-03 00:00:00,0.0,0.0,3.610564116702367,0.0,0.456,0.238,0.0,2.9346984544947423,0.2768400300000007,2.8193751682333126,0.0,6.36,0.1395266173184499,0.6294123612002637,0.0,0.0,0.0,0.0,0.0,0.0,0.0,0.0,0.0,0.0
2030-08-03 01:00:00,1.0653182401235424,0.2141015515138981,3.508236171406715,0.0,0.0,0.0,0.0,2.557187234666007,0.0,2.3318177313331603,0.0,5.9622482,2.473,0.0,0.0,0.832,0.0,0.0,0.0,0.0,0.0,0.0,0.0,0.0
2030-08-03 02:00:00,0.0,0.0,3.2167974746511696,0.0,0.0,0.0,0.0,3.0709819407460017,1.3008913499999997,2.7157094528165056,0.0,6.36,0.9211747430039066,0.304187500361095,0.0,0.0,0.456,0.0,0.0,0.0,2.138,0.0,0.0,0.0
2030-08-03 03:00:00,0.0,0.0,1.956170371406504,0.0,0.0,0.0,0.0,0.5915923101677807,1.2071478399999993,2.793617948238284,0.0,6.36,0.29387825011146673,0.17693157968765472,0.0,0.0,0.0,0.0,0.0,0.0,0.0,0.0,2.207,0.0
2030-08-03 04:00:00,0.0,0.5037771245986558,1.399847459641809,0.0,0.0,0.0,0.0,0.5085439499423434,1.1358817599999989,2.8850923160128463,0.0,6.36,0.9018715455910383,0.0,0.0,0.832,0.0,0.0,0.0,0.0,0.0,0.0,2.207,0.0
2030-08-03 05:00:00,0.0,0.0,1.36574390613257,0.0,0.0,0.0,0.0,2.898003568881,1.1834726199999999,3.086224864951503,0.0,6.36,0.13346969928275998,0.3212288679053136,0.0,0.0,0.0,0.238,0.0,0.0,2.138,0.0,0.0,0.0
2030-08-03 06:00:00,0.0,0.583124250624492,0.23039436803771096,0.0,0.0,0.0,0.24223711102652823,0.0,1.1220264999999983,2.75124724348304,0.0,6.36,0.3074043204728728,0.0,0.0,0.832,0.0,0.0,0.0,0.0,0.0,0.0,2.207,0.0
2030-08-03 07:00:00,0.0,0.5567029405547592,0.7026260095346941,0.0,0.0,0.0,0.0,1.4293677741615705,0.0,2.1206919979118135,0.0,5.910308297559355,0.7940570896162079,0.0,0.0,0.832,0.0,0.0,0.0,0.0,0.0,0.0,0.0,0.0
2030-08-03 08:00:00,0.0,0.6304292082067776,0.7675071229881939,0.0,0.0,0.0,0.0,1.216897143086717,0.15842959755935482,2.294309012852646,0.0,6.36,0.8396842288191829,0.0,0.0,0.832,0.0,0.0,0.0,0.0,0.0,0.0,0.0,0.0
2030-08-03 09:00:00,0.0,0.6078014870745947,0.4662869867828281,0.0,0.0,0.0,0.0,0.3562683315879267,0.7207012975593534,1.73576078261952,0.0,6.36,0.6309653507310511,0.0,0.0,0.832,0.0,0.0,0.0,0.0,0.0,0.0,0.0,0.0
2030-08-03 10:00:00,0.0,0.4779732326049396,0.16476759437161548,0.0,0.0,0.0,0.0,0.0,0.6312095975593506,1.3117465877135575,0.0,6.36,0.4112844081556701,0.0,0.0,0.832,0.0,0.0,0.0,0.08533656307430348,0.0,0.0,0.0,0.0
2030-08-03 11:00:00,0.0,0.5169369809371327,0.10678477443974788,0.0,0.0,0.0,0.0,0.0,1.682741215804961,0.0,0.0,5.056346481754399,0.3870140304571399,0.0,0.0,0.832,0.0,0.0,0.0,1.6285574269201128,0.0,0.0,0.0,0.0
2030-08-03 12:00:00,0.0,0.5491433676009606,0.19475907909523782,0.0,0.0,0.0,0.0,0.0,1.6565275107588873,0.0,0.0,4.9738130868004795,0.4286340390429496,0.0,0.0,0.832,0.0,0.0,0.0,1.8943317758179896,0.0,0.0,0.0,0.0
2030-08-03 13:00:00,0.0,0.0,1.3130419902313708,0.0,0.0,0.0,0.0,0.0,0.1667926000000186,1.9492103007705968,0.0,6.36,0.5897495933615833,0.2881481296153256,0.0,0.0,0.456,0.0,0.466,0.18984289963857037,0.0,0.0,0.0,0.0
2030-08-03 14:00:00,0.0,0.0,1.523847696268541,0.0,0.0,0.0,0.0,0.0,0.1913492798645149,1.8720611829937757,0.0,6.36,0.6394687988554064,0.28294295175383605,0.0,0.0,0.456,0.0,0.466,0.4870144118766011,0.0,0.0,0.0,0.0
2030-08-03 15:00:00,0.0,0.5353671526442635,0.8150768977665556,0.0,0.0,0.0,0.0,0.0,0.585459145288354,1.1331503858236243,0.0,6.36,0.5593596864449424,0.0,0.0,0.832,0.0,0.0,0.0,1.2920678226092344,0.0,0.0,0.0,0.0
2030-08-03 16:00:00,0.0,0.48802312649561963,1.2515680426682545,0.0,0.0,0.0,0.0,0.0,0.7551291000000209,1.5681567627754145,0.0,6.36,0.5788664197673663,0.0,0.0,0.832,0.0,0.0,0.0,0.7404747248076218,0.0,0.0,0.0,0.0
2030-08-03 17:00:00,0.0,0.37430687177924604,1.6977339963775413,0.0,0.0,0.0,0.2014365176363645,0.0,1.2733163587460674,0.8593977209977798,0.0,6.36,0.49345937749826085,0.0,0.0,0.832,0.0,0.0,0.0,0.0,0.0,0.0,0.0,0.0
2030-08-03 18:00:00,0.0,0.21437200893935182,2.8153185037560795,0.0,0.0,0.0,0.0,0.0,1.5429511949241392,0.7455640104061461,0.0,6.36,0.8731292171556184,0.0,0.0,0.832,0.0,0.0,0.0,0.46102020283242084,0.0,0.0,0.0,0.0
2030-08-03 19:00:00,0.0,0.0773466426461833,3.5830691130825683,0.0,0.0,0.0,0.2289153018161052,2.317141045929496,0.7457785874950069,0.0,2.207,6.36,0.7644312002654426,0.0,0.0,0.832,0.0,0.0,0.0,0.0,0.0,0.0,0.0,0.0
2030-08-03 20:00:00,0.4209121020040299,0.0,3.719409880869569,0.0,0.456,0.238,0.0,1.5726648609421923,1.3531477599999988,0.0,2.207,6.36,0.0,0.8558718092128488,0.0,0.0,0.0,0.0,0.0,0.0,0.0,0.20228230498730237,0.0,0.0
2030-08-03 21:00:00,0.3063756738383357,0.0,3.6483006543426724,0.0,0.456,0.238,0.0,2.914897688038911,0.33237592999999777,1.6931535821094146,2.207,6.36,0.0,0.6356567676775629,0.0,0.0,0.0,0.0,0.0,0.0,0.0,0.0,0.0,0.0
2030-08-03 22:00:00,0.0,0.0,3.5827954360632264,0.0,0.456,0.0,0.0,2.0104447382478874,1.2653960000000026,2.1762890503183923,0.0,6.36,0.08378302092588957,0.5634095351690285,0.0,0.0,0.0,0.0,0.0,0.0,0.0,0.0,0.0,0.0
2030-08-03 23:00:00,0.0,0.0,4.04549032933112,0.0,0.19510858695951372,0.238,0.0,3.0685246240132384,0.0,2.6965380010837396,0.039211640000001324,6.36,1.0265400589873286,0.7431600962149196,0.0,0.0,0.0,0.238,0.466,0.0,0.0,0.0,0.0,0.0
2030-09-08 00:00:00,0.924551850059327,0.31262212222686525,4.04549032933112,0.832,0.456,0.238,0.466,2.8151159902422314,0.0,1.5714943153127354,0.0,5.777546559999999,0.0,0.0,0.0,0.0,0.0,0.0,0.0,0.0,0.0,0.0,0.0,0.0
2030-09-08 01:00:00,2.473,0.0,4.04549032933112,0.832,0.456,0.238,0.466,3.096802736079765,0.0,0.0,2.0771521291502673,3.1576512708497315,0.314064955583766,0.7750667799019504,0.0,0.0,0.0,0.0,0.0,0.0,0.0,0.0,0.0,0.0
2030-09-08 02:00:00,2.473,0.0,4.04549032933112,0.832,0.456,0.238,0.466,3.0050437942955006,0.0,0.0,1.6537416313660023,3.221634788633996,1.0069260108428661,0.0,0.0,0.0,0.0,0.0,0.0,0.0,0.0,0.0,0.0,0.0
2030-09-08 03:00:00,2.473,0.0,4.04549032933112,0.832,0.456,0.238,0.466,2.8794828203232483,0.0,0.0,1.7374321833937518,3.028691146606249,0.052231621306983556,1.2009140054278347,0.0,0.0,0.0,0.0,0.0,0.0,0.0,0.0,0.0,0.0
2030-09-08 04:00:00,0.20874551637278893,0.5779367665466779,4.04549032933112,0.832,0.456,0.238,0.466,2.8678299086143966,0.0,0.0,1.9358939926848997,3.2289404373150994,0.0,0.0,0.0,0.0,0.0,0.0,0.0,0.0,0.0,0.0,0.0,0.0
2030-09-08 05:00:00,0.3395476124964949,0.0,4.04549032933112,0.832,0.456,0.238,0.466,2.6689374539294968,0.6883211392954061,0.0,2.207,3.1736140807045934,0.0,0.05740245497604146,0.0,0.0,0.0,0.0,0.0,0.0,0.0,0.0,0.0,0.0
2030-09-08 06:00:00,0.3899002043498654,0.0,4.04549032933112,0.832,0.456,0.238,0.466,3.1867394967032214,0.0,2.8737593235142134,0.0,6.188948000000001,0.0,1.011717702933502,0.0,0.0,0.0,0.0,0.0,0.0,0.0,0.0,0.0,0.0
2030-09-08 07:00:00,0.2822537540359602,0.0,4.04549032933112,0.832,0.456,0.238,0.466,2.367753903347445,0.7562620953061576,0.0,2.207,3.3604906046938434,0.0,0.987272707092743,0.0,0.0,0.0,0.0,0.0,0.0,0.0,0.0,0.0,0.0
2030-09-08 08:00:00,0.14297161777505618,0.0,4.04549032933112,0.832,0.456,0.238,0.466,2.6183034503247784,0.6491860999999997,2.640266192584899,0.0,6.36,0.0,0.939276270622468,0.0,0.0,0.0,0.0,0.0,0.0,0.0,0.0,0.0,0.0
2030-09-08 09:00:00,0.13844607458678038,0.0,4.04549032933112,0.832,0.456,0.238,0.466,1.748428609870146,1.3415398,2.0212101686108905,0.0,6.36,0.0,0.8471913717105392,0.0,0.0,0.0,0.0,0.0,0.0,0.0,0.0,0.0,0.0
2030-09-08 10:00:00,0.0,0.0,4.04549032933112,0.0,0.4154820455580692,0.238,0.466,1.1425403625524126,2.0846986999999997,1.6878722001792221,0.0,6.36,0.5994587544731111,0.2318358813512134,0.0,0.0,0.0,0.0,0.0,0.0,0.0,0.0,0.0,0.0
2030-09-08 11:00:00,0.0,0.0,3.635278071437933,0.0,0.456,0.0,0.466,2.4518500213981564,0.22806759999999926,0.894764840325105,2.207,6.36,0.4618908838265254,0.5246673627638914,0.0,0.0,0.0,0.0,0.0,0.0,0.0,0.0,0.0,0.0
2030-09-08 12:00:00,0.7126166700217035,0.0,3.7787722227241125,0.0,0.0,0.0,0.0,2.2168754343181956,0.0,0.801021444353923,2.1507069000000127,6.36,2.473,0.047058869966517064,0.0,0.832,0.0,0.0,0.0,0.0,0.0,0.0,0.0,0.0
2030-09-08 13:00:00,0.0,0.0,3.1474766615266825,0.0,0.0,0.0,0.0,0.0,1.5748236000000198,1.0308915592294503,0.0,6.36,0.9646030227676656,0.7278885293317418,0.0,0.0,0.0,0.0,0.466,0.09652256863634268,0.0,0.0,0.0,0.0
2030-09-08 14:00:00,0.0,0.0,1.7040460522689416,0.0,0.0,0.0,0.0,0.0,0.9754076000000147,0.7918163694756446,0.0,6.36,0.13052505553620058,0.5540921226495823,0.0,0.0,0.0,0.0,0.0,0.6334824397666594,0.0,0.0,0.0,0.0
2030-09-08 15:00:00,0.0,0.0,1.5626148713201777,0.0,0.0,0.0,0.0,0.0,0.7107088000000124,1.32179443544426,0.0,6.36,0.32893531647484753,0.4613095517891552,0.0,0.0,0.0,0.0,0.466,0.3085423562665248,0.0,0.0,0.0,0.0
2030-09-08 16:00:00,0.0,0.0,1.201895396065368,0.0,0.0,0.0,0.0,0.0,1.5798071517245713,0.0,0.0,5.182170748275447,0.1632008909295372,0.4343068778224731,0.0,0.0,0.0,0.0,0.466,1.3610789568611636,0.0,0.0,0.0,0.0
2030-09-08 17:00:00,0.0,0.38876085862560383,0.36732161436462235,0.0,0.0,0.0,0.0,0.0,1.4005895225895229,0.0,0.0,6.117287328972362,0.37697941769428195,0.0,0.0,0.832,0.0,0.0,0.0,1.083362575931691,0.0,0.0,0.0,0.0
2030-09-08 18:00:00,0.0,0.41578947113848835,0.1563878736637113,0.0,0.0,0.0,0.05599640476201451,0.0,0.7295318000000144,0.0,0.0,6.36,0.3263741139371251,0.0,0.0,0.832,0.0,0.238,0.0,1.2645115150175308,0.0,0.0,0.0,0.0
2030-09-08 19:00:00,0.0,0.5371985630971076,0.0,0.0,0.0,0.0,0.0,0.0,0.528202200000015,0.0,0.0,6.36,0.13929241771459921,0.0,0.21602964685105508,0.832,0.0,0.238,0.0,1.2771048872810313,0.0,0.0,0.0,0.0
2030-09-08 20:00:00,0.0,0.5243440297035724,0.0,0.0,0.0,0.0,0.0,0.0,1.3914764786542733,0.0,0.0,6.36,0.12678886414755342,0.0,0.3048930974818873,0.832,0.0,0.238,0.0,0.675837394543074,0.0,0.3343532104725684,0.0,0.0
2030-09-08 21:00:00,0.0,0.45535979841918306,0.0,0.0,0.0,0.0,0.0,0.0,1.4539607500000002,0.0,0.0,6.36,0.19311380413429013,0.0,0.2221196212103705,0.832,0.0,0.238,0.0,1.3953897862984799,0.0,0.5317377422279765,0.0,0.0
2030-09-08 22:00:00,0.0,0.848723812282113,0.0,0.0,0.0,0.0,0.0,0.0,0.37559721000000224,1.3660337415620925,0.0,6.36,0.2862098465114812,0.0,0.5093155529106421,0.832,0.0,0.238,0.0,0.07563042950840948,0.0,0.0,0.0,0.0
2030-09-08 23:00:00,0.2148562048627485,0.0,0.0,0.0,0.0,0.0,0.0,1.652960032489256,1.3452268800000002,2.5227035675970635,0.0,6.36,0.0,0.0,0.11649918000362927,0.054040116878110306,0.0,0.0,0.466,0.0,2.138,0.0,0.0,0.0
2030-09-09 00:00:00,0.0,0.7345691889326987,0.0,0.0,0.0,0.0,0.0,1.354288064776962,0.4699632799999973,1.5191946608474654,0.0,6.36,0.35120304267280245,0.0,0.4761612327069259,0.832,0.0,0.238,0.0,0.0,2.138,0.0,0.0,0.0
2030-09-09 01:00:00,0.0,0.698160619055158,0.0,0.0,0.0,0.0,0.0,0.0,0.2470875178061025,0.0,0.0,4.653762448972438,0.35751211300809593,0.0,0.5450832356692482,0.832,0.0,0.238,0.0,0.4705669660705025,0.0,0.0,0.0,0.0
2030-09-09 02:00:00,0.0,0.6758988537390499,0.0,0.0,0.0,0.0,0.0,0.0,0.0,0.0,0.0,4.51016239,0.35922658572012234,0.0,0.5968476288149283,0.832,0.0,0.238,0.0,0.49784422431606323,0.0,0.2875865253482086,0.0,0.0
2030-09-09 03:00:00,0.9390405160042223,0.48044000310018364,0.2564455263232297,0.0,0.0,0.0,0.466,0.0,0.0,0.0,0.0,4.164413609999999,0.0,0.0,2.003,0.0,0.0,0.238,0.0,1.1057988827124987,0.0,1.144295212641996,0.0,0.0
2030-09-09 04:00:00,0.1246234885394587,1.0495215665972963,0.4640152552293124,0.0,0.0,0.0,0.466,1.118495297860234,0.0,1.094637160930736,0.0,6.268436129999999,0.0,0.0,2.003,0.832,0.0,0.238,0.0,0.0,2.138,0.0,0.0,0.0
2030-09-09 05:00:00,0.0,0.7674861635764233,0.0,0.0,0.0,0.0,0.0,0.0,0.0,0.0,0.0,4.30200378,0.33418949554405886,0.0,0.8166330951251102,0.832,0.0,0.238,0.0,0.24397000643841182,0.0,0.2012039423679104,0.0,0.0
2030-09-09 06:00:00,0.09961881520149818,1.0821121453017941,0.41998089460215315,0.0,0.0,0.0,0.466,0.0,0.0,0.0,0.0,4.330928599999998,0.0,0.0,2.003,0.832,0.0,0.238,0.0,0.6643992442524363,0.0,0.5358393208821859,0.0,0.0
2030-09-09 07:00:00,0.494161156505473,1.0729202877788264,0.0264739303655373,0.0,0.456,0.238,0.16507051352683533,0.0,0.0,0.0,0.0,4.450832699999999,0.0,0.0,2.003,0.832,0.0,0.238,0.0,0.4656935123075833,0.0,0.0,0.0,0.0
2030-09-09 08:00:00,0.005868536378520972,0.0,0.0,0.010249089642736742,0.0,0.0,0.0,2.053465310946027,0.713676599999999,2.5568266728349998,0.0,6.36,0.0,0.0,0.38811531360270796,0.0,0.0,0.238,0.466,0.0,2.138,0.0,0.0,0.0
2030-09-09 09:00:00,0.0,0.8760924108456448,0.0,0.0,0.0,0.0,0.0,0.0,1.1887532999999997,2.1720010820593973,0.0,6.36,0.426792337849224,0.0,0.6204917483270531,0.832,0.0,0.238,0.0,0.758737620175264,0.0,0.0,2.207,0.0
2030-09-09 10:00:00,0.5667573547069444,0.906193054750676,0.430959453397481,0.0,0.456,0.0,0.3237972971397266,0.0,0.0,1.3821713680723613,0.0,5.924982800000001,0.0,0.0,2.003,0.832,0.0,0.0,0.0,0.0,0.0,0.0,0.0,0.0
2030-09-09 11:00:00,0.2610237609344367,0.9306447197786295,0.7053003059508797,0.0,0.0,0.0,0.466,0.0,0.02466080000000126,1.2014214198940323,0.0,6.36,0.0,0.0,2.003,0.832,0.0,0.0,0.0,0.37561199993971517,0.0,0.0,0.0,0.0
2030-09-09 12:00:00,0.0,0.0,0.0,0.0,0.0,0.0,0.0,0.35933915003629213,0.41771900000000173,1.77287050160008,0.0,6.36,0.03972941489981546,0.04037233576803934,0.03893500785112227,0.0,0.0,0.238,0.466,0.0,0.0,0.0,0.0,0.0
2030-09-09 13:00:00,0.0,0.5465975268624399,0.0,0.0,0.0,0.0,0.0,0.0,1.651599896951482,0.0,0.0,5.315997203048521,0.34080533463529583,0.0,0.34211183356132285,0.832,0.0,0.238,0.0,1.323748619304276,0.0,0.0,0.0,0.0
2030-09-09 14:00:00,0.0,0.5480600983604527,0.0,0.0,0.0,0.0,0.0,0.0,1.3232887448672601,0.0,0.0,5.73605825513274,0.2498224533558241,0.0,0.45141582541091707,0.832,0.0,0.238,0.0,1.208359581559086,0.0,0.0,0.0,0.0
2030-09-09 15:00:00,0.0,0.5746598448390123,0.0,0.0,0.0,0.0,0.0,0.0,1.0577491547135258,0.0,0.0,6.128899145286475,0.13929350034779797,0.0,0.6121977288482051,0.832,0.0,0.238,0.0,1.1489454401451031,0.0,0.0,0.0,0.0
2030-09-09 16:00:00,0.0,0.5794471049994563,0.0,0.0,0.0,0.0,0.0,0.0,1.0341354369626807,0.0,0.0,6.094570351373343,0.03658279679006393,0.0,0.741805729658007,0.832,0.0,0.238,0.0,1.2066344667035795,0.0,0.0,0.0,0.0
2030-09-09 17:00:00,0.028526565979161034,0.5496518979236626,0.0,0.0,0.0,0.0,0.0,0.0,0.3984217000000019,1.4124732122086865,0.0,6.36,0.0,0.0,0.7930464013173341,0.832,0.0,0.238,0.0,0.022888261694192558,0.0,0.0,0.0,0.0
2030-09-09 18:00:00,0.7715270345269982,0.0,0.0,0.13538779953209176,0.0,0.0,0.0,0.2998716139215736,0.0,2.224829431166028,0.0,6.116828260000003,0.0,0.0,0.9176688411821806,0.0,0.0,0.0,0.466,0.0,0.0,0.0,0.0,0.0
2030-09-09 19:00:00,0.0,0.8926659072267836,0.0,0.0,0.0,0.0,0.0,0.0,1.5025806748340624,0.0,0.0,4.473978895165939,0.10300983585955137,0.0,0.8004467901754226,0.832,0.0,0.238,0.0,0.9987529940705023,0.0,0.0,0.0,0.0
2030-09-09 20:00:00,0.0,0.7924338773794855,0.0,0.0,0.0,0.0,0.0,1.03455780463884,0.0,1.9566835787093417,0.0,5.31800862,0.3115667472476683,0.0,0.3506137207679736,0.832,0.0,0.238,0.0,0.0,0.0,0.0,0.0,0.0
2030-09-09 21:00:00,0.0,0.6925990973177466,0.0,0.0,0.0,0.0,0.0,2.1662406649385995,0.2135375299999973,2.4416317790091036,0.0,6.36,0.511332037428933,0.0,0.0878659626640167,0.832,0.0,0.238,0.0,0.0,2.138,0.0,0.0,0.0
2030-09-09 22:00:00,0.0,0.593055347173672,0.0,0.0,0.0,0.0,0.0,0.0,0.42565547670400594,0.0,0.0,4.068254543295994,0.42616309899409055,0.0,0.029086668415983452,0.832,0.0,0.0,0.0,0.2318547697579279,0.0,0.0,0.0,0.0
2030-09-09 23:00:00,0.10187865136218921,0.6700951376533647,0.0,0.0,0.0,0.0,0.0,0.7885873149294977,1.1559835142874357,0.0,0.0,4.598959035712565,0.0,0.0,0.5450874011840918,0.0,0.0,0.238,0.0,0.0,2.138,0.0,0.0,0.0
2030-10-01 00:00:00,0.0,0.7760607397801277,0.03700788975409497,0.0,0.0,0.0,0.0,0.7971860299294968,1.418134998415104,0.0,0.0,3.1732397615848953,0.07112209868763558,0.0,0.0,0.0,0.0,0.238,0.466,0.0,2.138,0.0,0.0,0.0
2030-10-01 01:00:00,0.36605396537962487,0.7437804265083556,0.0,0.0,0.0,0.0,0.0,0.6625483249294963,0.444863770046946,0.0,0.0,3.8340800199530527,0.0,0.0,0.6312814299989019,0.0,0.0,0.238,0.0,0.0,2.138,0.0,0.0,0.0
2030-10-01 02:00:00,0.34385888083436844,0.7154712839146685,0.0,0.0,0.0,0.0,0.08940522231409442,0.7201941559294962,0.0,0.0,0.0,4.072052139999998,0.0,0.0,0.5399673571540942,0.0,0.0,0.238,0.0,0.0,2.138,0.0,0.0,0.0
2030-10-01 03:00:00,0.04583703457347299,0.6615259489278564,0.06620174545205737,0.0,0.0,0.0,0.0,0.6638133719294963,0.37665775244377997,0.0,0.0,4.089540627556216,0.0,0.0,0.0,0.0,0.0,0.238,0.0,0.0,2.138,0.0,0.0,0.0
2030-10-01 04:00:00,0.0,0.6000086947597759,0.8547407746395587,0.0,0.0,0.0,0.0,0.7584767406014175,0.8154472620339357,0.0,0.0,3.6411573379660593,0.34015500853537145,0.0,0.0,0.0,0.0,0.0,0.466,0.0,2.138,0.0,0.0,0.0
2030-10-01 05:00:00,0.0,0.524293921755989,1.3224881030397557,0.0,0.0,0.0,0.0,0.8969624861236047,1.003874588073809,0.0,0.0,3.5556230819261865,0.4517325690512855,0.0,0.0,0.0,0.0,0.0,0.466,0.0,2.138,0.0,0.0,0.0
2030-10-01 06:00:00,0.0,0.46643472815152853,1.5189157330619811,0.0,0.0,0.0,0.0,1.0980211012725039,1.10738131860218,0.0,0.0,3.458379081397817,0.5038327142869305,0.0,0.0,0.0,0.0,0.0,0.466,0.0,2.138,0.0,0.0,0.0
2030-10-01 07:00:00,0.0,0.5264386470677328,1.0762317648492017,0.0,0.0,0.0,0.0,2.338060004395693,0.0,1.3676434437736167,0.0,4.772604600000001,0.4072164840381179,0.0,0.0,0.0,0.0,0.0,0.466,0.0,2.138,0.0,0.0,0.0
2030-10-01 08:00:00,0.0,0.6707258253763694,0.19396743630000468,0.0,0.0,0.0,0.0,2.1788193078923213,0.0,1.6020928631016753,0.0,5.136525299999999,0.2367497230199253,0.0,0.0,0.0,0.0,0.0,0.466,0.0,2.138,0.0,0.0,0.0
2030-10-01 09:00:00,0.0,0.5337110852816415,1.7897179724412524,0.0,0.0,0.0,0.0,1.181501126229743,1.977070202858692,0.0,0.0,3.555971097141309,0.4223669126194655,0.0,0.0,0.0,0.0,0.238,0.0,0.0,2.138,0.0,0.0,0.0
2030-10-01 10:00:00,0.0,0.4814913720250394,2.6209800940893246,0.0,0.0,0.0,0.0,1.5442484203436266,2.138,0.25241993647163374,0.0,3.6591130000000014,0.5832887654799546,0.0,0.0,0.0,0.0,0.238,0.0,0.0,2.138,0.0,0.0,0.0
2030-10-01 11:00:00,0.0,0.45495220016620885,2.89880843823453,0.0,0.0,0.0,0.0,1.6487526374777786,2.138,0.26543168964821895,0.0,3.8748097999999995,0.660519262335546,0.0,0.0,0.0,0.0,0.238,0.0,0.0,2.138,0.0,0.0,0.0
2030-10-01 12:00:00,0.0,0.3772086564101458,3.0813228930318135,0.0,0.0,0.0,0.0,1.6201405783925171,0.0,2.6168324960989504,0.0,6.231290299999999,0.5926605804027127,0.0,0.0,0.0,0.0,0.0,0.0,0.0,0.0,0.0,2.207,0.0
2030-10-01 13:00:00,0.0,0.2537656828029537,3.530146703274759,0.0,0.0,0.0,0.0,2.002951808720571,0.0,2.9428106208460636,0.0,6.357903899999999,0.829013611518717,0.0,0.0,0.0,0.0,0.0,0.0,0.0,0.0,0.0,2.207,0.0
2030-10-01 14:00:00,0.0,0.0,4.04549032933112,0.13507844761563298,0.09081783175993863,0.0,0.0,2.5762527154428034,2.138,1.0289119669934692,0.0,4.2395122999999995,1.0578746249818283,0.0,0.0,0.0,0.0,0.238,0.0,0.0,2.138,0.0,0.0,0.0
2030-10-01 15:00:00,0.0,0.0,4.04549032933112,0.07717828660718914,0.22657537660111693,0.0,0.0,2.600407196162188,2.138,1.049926475262497,0.0,4.288159099999998,1.0552311301785253,0.0,0.0,0.0,0.0,0.238,0.0,0.0,2.138,0.0,0.0,0.0
2030-10-01 16:00:00,0.0,0.0,3.9839443450504435,0.10305318678876402,0.0,0.0,0.0,2.3480918268329094,2.138,0.9383918366374617,0.0,4.323587099999999,1.120259631501813,0.0,0.0,0.0,0.0,0.238,0.0,0.0,2.138,0.0,0.0,0.0
2030-10-01 17:00:00,0.0,0.0,2.7087072705350193,0.31511042512221615,0.0,0.0,0.0,1.7607686570841712,2.138,0.5435970047639604,0.0,4.2400459900000005,0.34784849585727246,0.0,0.0,0.0,0.0,0.238,0.0,0.0,2.138,0.0,0.0,0.0
2030-10-01 18:00:00,0.0,0.5098601122339802,1.6515536820308645,0.0,0.0,0.0,0.0,1.4538938078362391,2.138,0.6098735619067419,0.0,4.473211599999999,0.3063807100743321,0.0,0.0,0.0,0.0,0.238,0.0,0.0,2.138,0.0,0.0,0.0
2030-10-01 19:00:00,0.0,0.5366951451208772,1.344447564942877,0.0,0.0,0.0,0.0,1.2525535380621369,2.138,0.3456897673073449,0.0,4.48595579,0.1060824943528782,0.0,0.0,0.0,0.0,0.0,0.0,0.0,2.138,0.0,0.0,0.0
2030-10-01 20:00:00,0.0,0.512079017724556,1.7589494481088495,0.0,0.0,0.0,0.0,1.3885154688092967,2.138,0.44022861287979964,0.0,3.9875730899999997,0.45792641648744914,0.0,0.0,0.0,0.0,0.238,0.0,0.0,2.138,0.0,0.0,0.0
2030-10-01 21:00:00,0.0,0.0,2.140678516776171,0.3990648670626579,0.0,0.0,0.0,1.122274085929497,1.7756536616601446,0.0,0.0,3.570125138339857,0.2777425163292509,0.0,0.0,0.0,0.0,0.238,0.0,0.0,2.138,0.0,0.0,0.0
2030-10-01 22:00:00,0.0,0.0,2.2714266601403983,0.12893217725775197,0.0,0.0,0.0,1.7588833737362544,2.082201839774359,0.0,0.0,3.537949870225641,0.5022697162809002,0.0,0.0,0.0,0.0,0.0,0.0,0.0,2.138,0.0,0.0,0.0
2030-10-01 23:00:00,0.0,0.0,2.754397723136102,0.0,0.0,0.0,0.0,2.1635715564173266,0.0,1.70819007248783,0.0,5.693576379999995,1.1837839274230406,0.010319062277518443,0.0,0.0,0.456,0.0,0.0,0.0,0.0,0.0,2.207,0.0
2030-10-02 00:00:00,0.0,0.0,2.3958318171054476,0.0,0.0,0.0,0.0,2.6010087495044485,0.0,2.085072267574952,0.0,5.716343571999993,0.9386506865521481,0.05647613335301571,0.0,0.0,0.0,0.238,0.0,0.0,0.0,0.0,2.207,0.0
2030-10-02 01:00:00,0.0,0.0,2.26213010238643,0.0,0.0,0.0,0.0,2.4917922911984363,0.0,2.07670017026894,0.0,5.472963841999995,0.8798971248079348,0.058488766413043014,0.0,0.0,0.0,0.238,0.0,0.0,0.0,0.0,2.207,0.0
2030-10-02 02:00:00,0.0,0.0,2.1589366493999522,0.0,0.0,0.0,0.0,2.3595463942034325,0.0,1.9787161712739358,0.0,5.246852590999995,0.8696736794380913,0.04159454993106426,0.0,0.0,0.0,0.238,0.0,0.0,0.0,0.0,2.207,0.0
2030-10-02 03:00:00,0.0,0.03180385904715166,1.7702530808066432,0.0,0.0,0.0,0.0,2.1203920375384717,0.0,1.6742624346089752,0.0,5.0543465399999965,0.7612677972473851,0.0,0.0,0.0,0.0,0.238,0.0,0.0,0.0,0.0,2.207,0.0
2030-10-02 04:00:00,0.0,0.12637825105752465,1.4985494846311516,0.0,0.0,0.0,0.0,1.3431151261443546,0.0,1.5784237032148583,0.0,5.184498392860615,0.8689832140346432,0.0,0.0,0.0,0.456,0.0,0.0,0.0,0.0,0.0,2.207,0.0
2030-10-02 05:00:00,0.0,0.22884837454651713,0.7734768286528291,0.0,0.0,0.0,0.19451963951843432,1.1719233179294952,0.0,0.0,0.0,3.684994052860618,0.541941581761787,0.0,0.0,0.0,0.456,0.0,0.0,0.0,0.0,0.0,0.0,0.0
2030-10-02 06:00:00,0.21970409692175868,0.0,0.0,0.27284882845450187,0.06386538660113056,0.238,0.0,1.56954916822548,2.138,0.7191790813868408,0.0,3.8191991128606197,0.0,0.0,0.0,0.0,0.0,0.238,0.0,0.0,2.138,0.0,0.0,0.0
2030-10-02 07:00:00,0.2878114291549316,0.0,0.0,0.3863619256901759,0.0,0.0,0.0,1.6781703520226428,2.138,0.8069577721472418,0.0,3.845121100000001,0.0,0.0,0.3282598148967797,0.0,0.0,0.238,0.0,0.0,2.138,0.0,0.0,0.0
2030-10-02 08:00:00,0.0,0.4768648065183352,0.0,0.0,0.0,0.0,0.0,2.004400653278557,2.138,1.5222646533075563,0.0,4.314005799999999,0.16580635024876167,0.0,0.524068269166131,0.0,0.0,0.0,0.466,0.0,2.138,0.0,0.0,0.0
2030-10-02 09:00:00,0.0,0.0,0.10805723490337667,0.24637685917612254,0.0,0.0,0.0,2.1284645422686674,2.138,1.3832126296629355,0.0,4.830474399999998,0.11140144600513521,0.0,0.0,0.0,0.0,0.238,0.0,0.0,2.138,0.0,0.0,0.0
2030-10-02 10:00:00,0.0,0.00830140955765274,0.0,0.0,0.02144589149883394,0.238,0.0,2.044211259823355,2.138,1.8124237091620117,0.0,5.3179669999999994,0.03694389224024705,0.0,0.0,0.0,0.0,0.238,0.0,0.0,2.138,0.0,0.0,0.0
2030-10-02 11:00:00,0.08552613974329937,0.0,0.0,0.0,0.0026367364008070826,0.238,0.0,2.8509568722450194,1.502689800000001,3.026440865038839,0.0,6.36,0.0,0.19014472966365825,0.0,0.0,0.0,0.238,0.0,0.0,2.138,0.0,0.0,0.0
2030-10-02 12:00:00,0.26163898924435025,0.0,0.0,0.0,0.054390823962201074,0.238,0.0,2.9307370357508837,0.0,3.181181249002279,0.0,6.36,0.0,0.4088178833604621,0.0,0.0,0.0,0.238,0.0,0.0,0.45849450000000114,0.0,0.0,0.0
2030-10-02 13:00:00,0.0828857045771767,0.0,0.1400269548228643,0.0,0.0,0.0,0.0,3.2683793740395357,0.0,3.2844339115911234,0.0,6.36,0.0,0.3395898877141666,0.0,0.0,0.0,0.238,0.0,0.0,0.4212790999999998,0.0,0.0,0.0
2030-10-02 14:00:00,0.22732124586806912,0.0,0.017082948151337207,0.0,0.0,0.0,0.0,3.4262231476951595,0.0,3.443973808305885,0.0,6.36,0.0,0.2698843030338192,0.0,0.0,0.0,0.238,0.0,0.0,0.38004829999999856,0.0,0.0,0.0
2030-10-02 15:00:00,0.0,0.6277332808918189,0.0,0.0,0.0,0.0,0.0,3.472131800945016,0.0,3.7059515593994803,0.0,6.36,0.4201931868940345,0.0,0.09443537245983935,0.832,0.0,0.238,0.0,0.0,0.11774569999999862,0.0,0.0,0.0
2030-10-02 16:00:00,0.0,0.6774163053555154,0.0,0.0,0.0,0.0,0.0,3.104248264259473,0.0,3.4092517455751437,0.0,6.066965400000002,0.2401017455150808,0.0,0.3457938663757618,0.832,0.0,0.238,0.0,0.0,0.0,0.0,0.0,0.0
2030-10-02 17:00:00,0.0,0.7149829749669314,0.0,0.0,0.0,0.0,0.0,2.8250066832499234,0.0,2.8024136819164664,0.0,5.636939700000002,0.0850078321755302,0.0,0.8048092396527987,0.832,0.0,0.238,0.0,0.0,0.0,0.0,0.0,0.0
2030-10-02 18:00:00,0.0,0.6857482365336537,0.0,0.0,0.0,0.0,0.0,2.7953753994412143,0.0,2.7720962935117166,0.0,5.6345664,0.09551075031260992,0.0,0.5875228798895732,0.832,0.0,0.238,0.0,0.0,0.0,0.0,0.0,0.0
2030-10-02 19:00:00,0.0,0.5234085976246987,0.5857114975629802,0.0,0.0,0.0,0.0,2.8612020113984533,0.0,3.1610307654689564,0.0,5.905162799999999,0.2966092658298355,0.0,0.0,0.832,0.0,0.0,0.0,0.0,0.0,0.0,0.0,0.0
2030-10-02 20:00:00,0.0,0.5058012039375439,0.884989824626236,0.0,0.0,0.0,0.0,3.1206062511647206,0.0,2.594602985235224,0.0,5.766511399999999,0.10796255303982383,0.0,0.0,0.0,0.0,0.238,0.0,0.0,0.0,0.0,0.0,0.0
2030-10-02 21:00:00,0.0,0.0,1.6785535888403538,0.3596597852586202,0.0,0.0,0.0,3.0423453873663933,0.0,1.9652197014368955,0.0,4.716968199999998,0.06039756103909233,0.0,0.0,0.0,0.0,0.238,0.0,0.0,0.0,0.0,0.0,0.0
2030-10-02 22:00:00,0.0,0.2396903341012641,2.572678009863195,0.0,0.0,0.0,0.0,1.0321544929294977,0.7290192357789904,0.0,0.0,3.045398555383365,0.8664809101601205,0.0,0.0,0.0,0.456,0.0,0.0,0.0,0.0,0.0,0.0,0.0
2030-10-02 23:00:00,0.0,0.0,2.6832584701533366,0.17148349631404497,0.0,0.0,0.0,2.432047039759049,1.8846045944320844,0.0,0.0,3.5913243745679146,0.34015716263685686,0.0,0.0,0.0,0.0,0.0,0.0,0.0,2.138,0.0,0.0,0.0
2030-11-06 00:00:00,0.0,0.0,1.0378506881134308,0.26132918907389985,0.0,0.0,0.0,2.1848575563894324,1.2218457323973575,0.0,0.0,3.420812047602641,0.10204521428674973,0.0,0.0,0.0,0.0,0.0,0.466,0.0,2.138,0.0,0.0,0.0
2030-11-06 01:00:00,0.0,0.28186741926138226,0.8222051296673097,0.0,0.0,0.0,0.0,0.5009225810844553,0.03407886775278968,2.1845068471549585,2.207,0.0,0.30364934758624,0.0,0.0,0.0,0.456,0.0,0.0,0.0,0.0,6.298,0.0,0.0
2030-11-06 02:00:00,0.0,0.3446238958193057,0.5835207793453341,0.0,0.0,0.0,0.0,0.13381852192949673,0.30250420339424267,0.0,0.0,4.150055456605751,0.2110014417954459,0.0,0.0,0.0,0.456,0.0,0.0,0.0,0.0,0.0,2.207,0.0
2030-11-06 03:00:00,0.0,0.4453008728951542,0.18476209961086343,0.0,0.0,0.0,0.0,2.272396513929496,0.36256202850152874,0.0,0.0,3.7582575854984634,0.08561628777900071,0.0,0.0,0.0,0.0,0.0,0.466,0.0,2.138,0.0,0.0,0.0
2030-11-06 04:00:00,0.28593046250539167,0.5389129699114709,0.0,0.0,0.0,0.0,0.0,1.9027649929294967,0.2308516234597766,0.0,0.0,4.0785634065402165,0.0,0.0,0.44765972686393884,0.0,0.0,0.238,0.0,0.0,2.138,0.0,0.0,0.0
2030-11-06 05:00:00,0.20447740958674226,0.6196871440212598,0.0,0.0,0.0,0.0,0.0,1.0779625371842876,1.5265447294257113,0.0,0.0,3.3285881005742874,0.0,0.0,0.515344322321966,0.0,0.0,0.0,0.466,0.0,2.138,0.0,0.0,0.0
2030-11-06 06:00:00,0.31243725855276944,0.707753650057307,0.0,0.0,0.0,0.0,0.0,0.9091242089173172,2.138,0.6066814377330294,0.0,3.732266400000003,0.0,0.0,0.6968979045892241,0.0,0.0,0.0,0.466,0.0,2.138,0.0,0.0,0.0
2030-11-06 07:00:00,0.0,0.7209478282557231,0.0,0.0,0.0,0.0,0.0,1.552510112104966,0.0,3.217412685216416,0.0,6.093550699999999,0.16073461703780778,0.0,0.20655020354302533,0.0,0.456,0.0,0.466,0.0,0.0,0.0,2.207,0.0
2030-11-06 08:00:00,0.0,0.698298718684708,0.0,0.0,0.0,0.0,0.0,1.7281918398451745,2.138,1.180951578368395,0.0,4.1824984999999995,0.3593527359435523,0.0,0.05107207794062285,0.0,0.456,0.0,0.466,0.0,2.138,0.0,0.0,0.0
2030-11-06 09:00:00,0.0,0.0,0.0,0.4068324682339105,0.0,0.0,0.0,1.789356013890127,2.138,1.6674737614128143,0.0,4.6529221,0.012576485969809537,0.0,0.15373566560096572,0.0,0.456,0.0,0.466,0.0,2.138,0.0,0.0,0.0
2030-11-06 10:00:00,0.08140046960161468,0.0,0.0,0.11465332434839937,0.0,0.0,0.0,2.197249383630627,2.138,2.4232945945473547,0.0,5.254712999999999,0.0,0.0,0.29800834536524956,0.0,0.0,0.0,0.466,0.0,2.138,0.0,0.0,0.0
2030-11-06 11:00:00,0.0,0.6649214368357852,0.0,0.0,0.0,0.0,0.0,3.0702038279467536,1.2256220999999985,3.2700400607785136,0.0,6.36,0.6334613536707075,0.0,0.3427682206917686,0.832,0.0,0.238,0.0,0.0,2.138,0.0,0.0,0.0
2030-11-06 12:00:00,0.24383809813189017,0.0,0.0,0.0,0.0,0.0,0.0,2.4846975443762847,2.138,2.668966671152954,0.0,5.5764747,0.0,0.1788686166108704,0.3598407847861953,0.0,0.0,0.238,0.0,0.0,2.138,0.0,0.0,0.0
2030-11-06 13:00:00,0.3133837805619657,0.0,0.0,0.0,0.0,0.0,0.0,2.637959304457058,2.138,2.8309076149633845,0.0,5.622311100000004,0.0,0.1462679629475404,0.4340364752878385,0.0,0.0,0.238,0.0,0.0,2.138,0.0,0.0,0.0
2030-11-06 14:00:00,0.1752461390281676,0.0,0.0,0.0,0.0,0.0,0.0,3.158010493451709,0.0,3.534066682557415,0.0,5.761835800000002,0.0,0.11846966944221492,0.3067122865883236,0.0,0.0,0.0,0.466,0.0,0.0,0.0,0.0,0.0
2030-11-06 15:00:00,0.29154286047626193,0.0,0.0,0.0,0.0,0.0,0.0,3.110097061445416,0.0,3.534302854833003,0.0,5.763787600000001,0.0,0.09668205431955326,0.43187904287752765,0.0,0.0,0.0,0.466,0.0,0.0,0.0,0.0,0.0
2030-11-06 16:00:00,0.0,0.7534447963429641,0.0,0.0,0.0,0.0,0.0,2.7993936028335553,0.0,2.7970508463712926,0.0,5.597967100000001,0.1702908770811299,0.0,0.8824651369352629,0.832,0.0,0.238,0.0,0.0,0.0,0.0,0.0,0.0
2030-11-06 17:00:00,0.7375465614120501,0.0,0.0,0.0,0.0,0.0,0.0,2.399074687359799,2.138,2.460493072045737,0.0,5.430317999999998,0.0,0.0,0.9586778768439765,0.0644036552283859,0.0,0.238,0.0,0.0,2.138,0.0,0.0,0.0
2030-11-06 18:00:00,0.016079232386458808,0.7502436202787994,0.0,0.0,0.0,0.0,0.0,2.678004670891878,2.138,2.6363505149623814,0.0,5.678893099999999,0.0,0.0,0.419681615798772,0.832,0.0,0.238,0.0,0.0,2.138,0.0,0.0,0.0
2030-11-06 19:00:00,0.0,0.6663625358625911,0.3704491150366458,0.0,0.0,0.0,0.0,2.5746820212771793,0.0,2.697589485347682,0.0,5.7577513,0.08334601253057661,0.0,0.0,0.832,0.0,0.238,0.0,0.0,0.0,0.0,0.0,0.0
2030-11-06 20:00:00,0.05346259084834892,0.5928260502994926,0.6929625231140153,0.0,0.0,0.0,0.0,2.5972846240798106,0.0,2.305808718150314,0.0,5.774906199999998,0.0,0.0,0.0,0.832,0.0,0.0,0.0,0.0,0.0,0.0,0.0,0.0
2030-11-06 21:00:00,0.8248331964492404,0.6472263785109091,0.0,0.0,0.0,0.0,0.3333746835237843,1.955535536199004,2.138,0.7751587002695066,0.0,4.966148499999999,0.0,0.0,0.0,0.0,0.0,0.238,0.0,0.0,2.138,0.0,0.0,0.0
2030-11-06 22:00:00,0.25640635629420166,0.5169091690253149,0.687794059876075,0.0,0.0,0.0,0.0,1.8875009836067882,2.138,0.6397292796772902,0.0,3.8979736460000005,0.0,0.0,0.0,0.0,0.0,0.238,0.0,0.0,2.138,0.0,0.0,0.0
2030-11-06 23:00:00,0.0,0.35489364723919886,1.2726350720167203,0.0,0.0,0.0,0.011765394333821955,0.7398562709294967,0.0,0.0,0.0,3.3834167731466964,0.2592522744784596,0.0,0.0,0.0,0.456,0.0,0.0,0.0,0.0,0.0,0.0,0.0
2030-11-07 00:00:00,0.0,0.0,2.203421744109345,0.0,0.0,0.0,0.0,1.7611831031780487,0.0,2.3248188180197116,0.0,4.1719789724000025,0.7134940622314013,0.08741493782624944,0.0,0.0,0.0,0.238,0.0,0.0,0.0,0.0,2.207,0.0
2030-11-07 01:00:00,0.0,0.0,1.8519235815113844,0.0,0.0,0.0,0.0,2.4299601157478916,0.0,3.5097103202039754,0.0,5.736458605200001,0.45193250317898565,0.17350262700059255,0.0,0.0,0.0,0.238,0.0,0.0,0.0,0.0,2.207,0.0
2030-11-07 02:00:00,0.0,0.18200228663315537,1.0786906290959462,0.0,0.0,0.0,0.0,0.6396503983303521,0.0,0.9966018659719866,0.0,4.732265969999993,0.5640440370877138,0.0,0.0,0.0,0.456,0.0,0.0,0.0,0.0,0.0,2.207,0.0
2030-11-07 03:00:00,0.39853066370748147,0.0,0.0,0.29079651881922564,0.0,0.0,0.4106147350932457,2.2790747819294968,0.21642993797588517,0.0,0.0,4.04588286202411,0.0,0.0,0.0,0.0,0.0,0.0,0.466,0.0,2.138,0.0,0.0,0.0
2030-11-07 04:00:00,0.40870677863935234,0.0,0.0,0.4223146614483975,0.0,0.0,0.0,1.6566984229294968,0.7258075216573081,0.0,0.0,3.516800498342687,0.0,0.0,0.2562393334309288,0.0,0.0,0.0,0.466,0.0,2.138,0.0,0.0,0.0
2030-11-07 05:00:00,0.0,0.5635727009878346,0.0,0.0,0.0,0.0,0.0,1.2671019669294958,1.5382233824656626,0.0,0.0,3.2213149275343373,0.02800688622369446,0.0,0.4684161618586722,0.0,0.0,0.238,0.466,0.0,2.138,0.0,0.0,0.0
2030-11-07 06:00:00,0.5200696948760607,1.276154397021247,0.2248724587650934,0.0,0.456,0.0,0.28906474327943155,0.5138329159294979,2.138,0.0,0.0,3.6903867000000012,0.0,0.0,2.003,0.832,0.0,0.238,0.0,0.0,2.138,0.0,0.0,0.0
2030-11-07 07:00:00,0.8523935120852495,0.7294474826882358,0.33657008067718963,0.0,0.0,0.238,0.0,0.6505467949920583,0.0,2.3457044613748104,0.0,6.0896504999999985,0.0,0.0,2.003,0.0,0.0,0.238,0.0,0.0,0.0,0.0,2.207,0.0
2030-11-07 08:00:00,0.8769241463126565,0.706208725434861,0.2230449327476487,0.0,0.0,0.0,0.466,0.627493019653695,0.0,2.065517028739939,0.0,6.214827599999999,0.0,0.0,2.003,0.0,0.0,0.238,0.0,0.0,0.0,0.0,2.207,0.0
2030-11-07 09:00:00,0.7306745274800002,0.6898075739971542,0.3096371339359406,0.0,0.0,0.0,0.466,0.6003606594173991,0.04442799999999991,1.9660493199521825,0.0,6.36,0.0,0.0,2.003,0.0,0.0,0.238,0.0,0.0,0.0,0.0,2.207,0.0
2030-11-07 10:00:00,0.11748389197856535,0.6313961665358477,0.0,0.0,0.0,0.0,0.0,1.4133376462791438,2.138,0.4825866113792512,0.0,4.421282599999998,0.0,0.0,0.7503370920546213,0.0,0.0,0.238,0.0,0.0,2.138,0.0,0.0,0.0
2030-11-07 11:00:00,0.0,0.5462705131984188,0.3942238419476879,0.0,0.0,0.0,0.0,1.468283031326357,0.43911699999999954,2.913529345299317,0.0,6.36,0.44469836164517623,0.0,0.0,0.0,0.456,0.0,0.0,0.0,0.0,0.0,2.207,0.0
2030-11-07 12:00:00,0.14108389181645054,0.5181336411257267,0.0,0.0,0.005748924770475228,0.0,0.466,1.2538162306088723,0.6053177999999981,2.391717977883215,0.0,6.36,0.0,0.0,0.0,0.0,0.0,0.238,0.0,0.0,0.0,0.0,2.207,0.0
2030-11-07 13:00:00,0.16715671678561483,0.5173804087781515,0.0,0.0,0.0356719666403546,0.0,0.466,1.8543191587867622,2.138,0.9873100807592952,0.0,5.021982599999999,0.0,0.0,0.0,0.0,0.0,0.238,0.0,0.0,2.138,0.0,0.0,0.0
2030-11-07 14:00:00,0.09362711269139812,0.5277689748656679,0.0,0.0,0.0,0.0,0.3666805790428476,2.0059328158422245,2.138,1.3696184845427384,0.0,5.2116945,0.0,0.0,0.0,0.0,0.0,0.238,0.0,0.0,2.138,0.0,0.0,0.0
2030-11-07 15:00:00,0.0,0.5574378463241245,0.2759255601337276,0.0,0.0,0.0,0.0,2.334801878651234,2.138,2.2242001759320305,0.0,5.256860999999999,0.3582788413420772,0.0,0.0,0.0,0.0,0.0,0.466,0.0,2.138,0.0,0.0,0.0
2030-11-07 16:00:00,0.3363374572985305,0.37113915085686744,0.0,0.0,0.0,0.0,0.0,1.737701872170934,0.0,1.6700779369193128,0.0,5.248640699999999,0.0,0.0,0.49038312377081095,0.0,0.0,0.0,0.0,0.0,0.0,0.0,0.0,0.0
2030-11-07 17:00:00,0.0,0.5558093081780697,0.0,0.0,0.0,0.0,0.0,2.0060652277943767,2.138,1.9398777124974393,0.0,5.2172845,0.1186266779754615,0.0,0.10479470752881032,0.0,0.0,0.0,0.466,0.0,2.138,0.0,0.0,0.0
2030-11-07 18:00:00,0.0,0.0,1.205829495659346,0.3262291408631991,0.0,0.0,0.0,3.1492978580304425,0.0,1.7218815621009451,0.0,5.5623678000000005,0.06311951084245704,0.0,0.0,0.0,0.0,0.238,0.0,0.0,0.0,0.0,0.0,0.0
2030-11-07 19:00:00,0.0,0.031402854589118956,3.151828995323907,0.0,0.0,0.0,0.02706556944205163,1.8184205059294976,2.138,0.0,0.0,3.1371632,1.0349472368986758,0.0,0.0,0.0,0.0,0.238,0.0,0.0,0.0,0.0,0.0,0.0
2030-11-07 20:00:00,0.0,0.0,4.04549032933112,0.0,0.22088636414154328,0.0,0.0,3.6771757348686127,0.0,1.8991865689391147,0.0,4.8233382,1.164055966566662,0.09934581627686667,0.0,0.0,0.0,0.238,0.0,0.0,0.0,0.0,0.0,0.0
2030-11-07 21:00:00,0.0,0.0,4.04549032933112,0.0,0.3513659183306943,0.0,0.0,3.24272644255017,0.0,1.4695234786524178,0.0,4.694353100000001,0.8845528136424035,0.17066244488296367,0.0,0.0,0.0,0.0,0.0,0.0,0.0,0.0,0.0,0.0
2030-11-07 22:00:00,0.0,0.0,3.7148436766557174,0.0,0.456,0.0,0.466,3.0864416219294966,0.2227356262655289,0.0,0.0,4.141378296794152,0.34776920795195004,0.24969631256426617,0.0,0.0,0.0,0.0,0.0,0.0,0.0,0.0,0.0,0.0
2030-11-07 23:00:00,0.0,0.0,4.04549032933112,0.0,0.2439763548611067,0.238,0.466,1.5301082016632082,2.138,0.9815574077337117,0.0,4.231432740999995,0.5913774698104262,0.3233231130406179,0.0,0.0,0.0,0.238,0.0,0.0,0.0,0.0,2.207,0.0
2030-11-08 00:00:00,0.0,0.0,3.6041209314360705,0.0,0.456,0.0,0.466,2.520942498929496,0.49217608686749337,0.0,0.0,3.1040593131325016,0.3800300792947566,0.3620124045092472,0.0,0.0,0.0,0.0,0.0,0.0,0.0,0.0,0.0,0.0
2030-11-08 01:00:00,0.0,0.0,3.5571403430718282,0.0,0.456,0.0,0.0,3.244044327,0.581077016110958,0.0,0.0,2.718106263889037,0.8031733601071256,0.36549268586052286,0.0,0.0,0.0,0.0,0.0,0.0,0.0,0.0,0.0,0.0
2030-11-08 02:00:00,0.0,0.0,3.6399783418276552,0.0,0.0,0.0,0.0,3.1370518727727568,0.3393763487327588,0.0,0.0,2.7955288612672344,1.2287029686296709,0.36497219221903865,0.0,0.0,0.0,0.0,0.0,0.0,0.0,0.0,0.0,0.0
2030-11-08 03:00:00,0.0,0.0,3.3226872384402477,0.0,0.0,0.0,0.018949975423754317,2.8656344291583364,0.0,0.0,0.0,3.1085319439999948,1.1669321209069605,0.3366197819045451,0.0,0.0,0.0,0.0,0.0,0.0,0.0,0.0,0.0,0.0
2030-11-08 04:00:00,0.0,0.0,3.042298149782453,0.0,0.0,0.0,0.0,2.4053806860886056,0.0,0.0,0.0,2.9712598499999983,1.1350983426399668,0.2738119397877854,0.0,0.0,0.0,0.0,0.0,0.0,0.0,0.2793606854553108,0.0,0.0
2030-11-08 05:00:00,0.0,0.0,2.655366695068345,0.0,0.0,0.0,0.0,2.523871577032766,2.005083117387854,0.0,0.0,3.4603007226121396,1.0331338078853576,0.19533321112385038,0.0,0.0,0.0,0.0,0.0,0.0,2.138,0.0,0.0,0.0
2030-11-08 06:00:00,0.0,0.0,2.213429441238037,0.0,0.0,0.0,0.0,2.440197471706359,0.0,0.6291725058644677,0.0,3.9807518999999987,0.867822798843596,0.07541971697870242,0.0,0.0,0.0,0.0,0.0,0.0,0.0,0.0,0.0,0.0
2030-11-08 07:00:00,0.0,0.0,1.805401502001845,0.0,0.0,0.0,0.0,2.564150348727133,0.0,1.0563563889836263,0.0,4.0209064,0.7487029355853374,0.009388204156782898,0.0,0.0,0.0,0.0,0.0,0.0,0.0,0.0,0.0,0.0
2030-11-08 08:00:00,0.0,0.16345519198617478,1.3319759883644635,0.0,0.0,0.0,0.0,1.9653198658149105,0.0,3.169439996187226,0.0,6.146843999999997,0.8884058493990685,0.0,0.0,0.0,0.456,0.0,0.0,0.0,0.0,0.0,2.207,0.0
2030-11-08 09:00:00,0.0,0.0,1.6988773176906495,0.0,0.0,0.0,0.0,2.192775420975705,0.0,3.30508281503381,0.0,6.36,1.1824607652841461,0.011545412965033905,0.0,0.0,0.456,0.0,0.0,0.0,0.0,0.0,2.207,0.0
2030-11-08 10:00:00,0.0,0.0,2.318207343520235,0.0,0.0,0.0,0.0,3.1204260333476834,0.0,1.686408043179609,0.0,4.4056754,1.5638574936349525,0.20925644578877006,0.0,0.0,0.0,0.238,0.0,0.0,0.0,0.0,0.0,0.0
2030-11-08 11:00:00,0.0,0.0,2.773093859024122,0.0,0.0,0.0,0.0,3.5033521034728787,0.0,1.9719716161867327,0.0,4.6448207,1.7342827373541119,0.27105384212322725,0.0,0.0,0.0,0.238,0.0,0.0,0.0,0.0,0.0,0.0
2030-11-08 12:00:00,0.0,0.0,3.284535427816878,0.0,0.0,0.0,0.0,3.732170547586449,0.0,2.2551239673176373,0.0,4.9038611,1.788649000033681,0.26395173787617215,0.0,0.0,0.0,0.238,0.0,0.0,0.0,0.0,0.0,0.0
2030-11-08 13:00:00,0.0,0.0,3.3574339239513837,0.0,0.0,0.0,0.0,1.9894465237300616,2.138,0.5374765018799716,0.0,3.0910653999999997,1.603086950198934,0.18188166709461706,0.0,0.0,0.0,0.238,0.0,0.0,0.0,0.0,0.0,0.0
2030-11-08 14:00:00,0.0,0.0,3.125297234428258,0.0,0.0,0.0,0.0,2.26743006840749,2.138,0.8658231977019248,0.0,3.3507821,1.2864181484191963,0.07035781742173197,0.0,0.0,0.0,0.238,0.0,0.0,0.0,0.0,0.0,0.0
2030-11-08 15:00:00,0.0,0.0,2.988343920931433,0.0,0.0,0.0,0.0,2.8235470729342422,1.492762899999999,3.8191805700976675,0.0,6.36,0.920219389227693,0.03476390107063763,0.0,0.0,0.0,0.0,0.0,0.0,0.0,0.0,2.207,0.0
2030-11-08 16:00:00,0.0,0.041041515693850436,2.972328099911159,0.0,0.0,0.0,0.0,2.8483718454986,1.4713901999999983,3.846120270345386,0.0,6.36,0.8090762433232748,0.0,0.0,0.0,0.0,0.0,0.0,0.0,0.0,0.0,2.207,0.0
2030-11-08 17:00:00,0.0,0.0,3.5441957573383105,0.0981604956573208,0.0,0.0,0.0,2.1495732269387435,2.138,0.9373743646326784,0.0,3.368166199999999,0.7144936671337891,0.0,0.0,0.0,0.0,0.0,0.0,0.0,0.0,0.0,0.0,0.0
2030-11-08 18:00:00,0.0,0.03315171081031332,4.04549032933112,0.0,0.15189994464341616,0.0,0.466,2.671130275358204,2.138,0.6450255694287064,0.0,3.638406299999998,0.6385532138285828,0.0,0.0,0.0,0.0,0.238,0.0,0.0,0.0,0.0,0.0,0.0
2030-11-08 19:00:00,0.0,0.0,4.04549032933112,0.0,0.08031910436917644,0.0,0.466,2.2092295254469043,2.138,0.3303789895174081,0.0,3.283037199999999,0.807469711652657,0.02915214853904491,0.0,0.0,0.0,0.238,0.0,0.0,0.0,0.0,0.0,0.0
2030-11-08 20:00:00,0.0,0.0,4.04549032933112,0.0,0.31409058805190515,0.238,0.0,1.4314576972638369,2.138,0.11430470580772578,0.0,2.8839663999999985,0.7303959155096011,0.1037361349621595,0.0,0.0,0.0,0.0,0.0,0.0,0.0,0.0,0.0,0.0
2030-11-08 21:00:00,0.0,0.0,4.04549032933112,0.0,0.3357991129876934,0.0,0.466,2.8944457103769228,0.0,1.2852384688416372,0.0,4.892553599999999,0.6088187011675177,0.19504866313521996,0.0,0.0,0.0,0.0,0.0,0.0,0.0,0.0,0.0,0.0
2030-11-08 22:00:00,0.0,0.0,3.8442942191775704,0.0,0.456,0.238,0.466,2.917377775929497,0.31775774209218266,0.0,0.0,4.0821796047364165,0.36682394817123914,0.298317353844743,0.0,0.0,0.0,0.0,0.0,0.0,0.0,0.0,0.0,0.0
2030-11-08 23:00:00,0.0,0.0,4.04549032933112,0.0,0.35061954688307617,0.238,0.466,1.6296107226506877,2.138,1.2787873567211911,0.0,4.328628309999996,0.5873501848848659,0.38328584000614374,0.0,0.0,0.0,0.0,0.0,0.0,0.0,0.0,2.207,0.0
