,p60,p61,p62,p63,p64,p65,p67
2050-02-02 00:00:00,0.0,0.0,0.0,0.0,0.0,0.0,0
2050-02-02 01:00:00,0.0,0.0,0.0,0.0,0.0,0.0,0
2050-02-02 02:00:00,0.0,0.0,0.0,0.0,0.0,0.0,0
2050-02-02 03:00:00,0.0,0.0,0.0,0.0,0.0,0.0,0
2050-02-02 04:00:00,0.0,0.0,0.0,0.0,0.0,0.0,0
2050-02-02 05:00:00,0.0,0.0,0.0,0.0,0.0,0.0,0
2050-02-02 06:00:00,0.0,0.0,0.0,0.0,0.0,0.0,0
2050-02-02 07:00:00,0.0,0.0,0.0,0.01097560889320448,0.9678867105394602,1.0535931700840593,0
2050-02-02 08:00:00,35.61502248048782,147.1594995737076,29.04200255870819,4.624729430675507,10.315746554732323,54.81138142049312,0
2050-02-02 09:00:00,75.63156187534332,288.62229254245756,55.5385485291481,8.514086091518402,16.125817394256593,80.30300117135049,0
2050-02-02 10:00:00,94.92416679859161,312.97142763137816,53.992652893066406,10.435391831398011,17.72212278842926,81.45703867971898,0
2050-02-02 11:00:00,98.91047775745392,423.23533942103387,82.8237533569336,10.72947462797165,20.612224239110947,94.00446946620941,0
2050-02-02 12:00:00,94.68556046485901,414.3001505613327,74.91180896759033,9.48574984073639,21.220334124565124,111.51930014491082,0
2050-02-02 13:00:00,95.281320810318,415.8302717000246,75.51140785217285,7.819367855787277,17.905188190937043,106.1928966164589,0
2050-02-02 14:00:00,92.23851561546326,318.6316098481417,58.1592857837677,5.836717259883881,13.314203849434852,80.26486167311668,0
2050-02-02 15:00:00,79.64704930782318,183.5465593189001,29.919498413801193,3.1693038552999497,7.432782019674778,46.13746811896563,0
2050-02-02 16:00:00,51.39189660549164,80.43563335388899,12.648005783557892,1.3801956340670587,2.7464710637927054,21.28313252478838,0
2050-02-02 17:00:00,17.63281524181366,12.137001211196184,2.2148779593408108,0.15696951132267714,0.02090729388874024,6.107958215475082,0
2050-02-02 18:00:00,0.0,0.0,0.0,0.0,0.0,0.0,0
2050-02-02 19:00:00,0.0,0.0,0.0,0.0,0.0,0.0,0
2050-02-02 20:00:00,0.0,0.0,0.0,0.0,0.0,0.0,0
2050-02-02 21:00:00,0.0,0.0,0.0,0.0,0.0,0.0,0
2050-02-02 22:00:00,0.0,0.0,0.0,0.0,0.0,0.0,0
2050-02-02 23:00:00,0.0,0.0,0.0,0.0,0.0,0.0,0
2050-02-03 00:00:00,0.0,0.0,0.0,0.0,0.0,0.0,0
2050-02-03 01:00:00,0.0,0.0,0.0,0.0,0.0,0.0,0
2050-02-03 02:00:00,0.0,0.0,0.0,0.0,0.0,0.0,0
2050-02-03 03:00:00,0.0,0.0,0.0,0.0,0.0,0.0,0
2050-02-03 04:00:00,0.0,0.0,0.0,0.0,0.0,0.0,0
2050-02-03 05:00:00,0.0,0.0,0.0,0.0,0.0,0.0,0
2050-02-03 06:00:00,0.0,0.0,0.0,0.0,0.0,0.0,0
2050-02-03 07:00:00,0.0,0.0,0.0,0.0,0.04686917290091515,0.03576316200196743,0
2050-02-03 08:00:00,47.81154841184616,147.0168617963791,27.951662242412567,4.837765771150589,4.660963952541351,33.54325686991215,0
2050-02-03 09:00:00,102.3142397403717,344.4006484657526,66.52716100215912,9.185574698448182,6.557558232545853,55.248354846239096,0
2050-02-03 10:00:00,144.79483366012573,492.17289040088656,97.93787598609924,11.501414465904237,9.903094163537025,82.43832265436649,0
2050-02-03 11:00:00,163.22356462478638,566.9512348175049,113.817098736763,12.464967834949494,12.83170114159584,105.95507323145867,0
2050-02-03 12:00:00,171.69429063796997,586.3306978702545,118.83866786956787,11.949340963363648,14.15543862581253,103.27544273734094,0
2050-02-03 13:00:00,164.73153233528137,546.4007462382317,112.53904402256012,10.620868182182312,15.66457765698433,93.82736172676087,0
2050-02-03 14:00:00,145.745849609375,463.55284341573713,96.90987467765808,8.38414661884308,13.578867393732072,77.51456651091576,0
2050-02-03 15:00:00,112.89016008377075,333.71047156751155,70.42110711336136,4.566524285078049,8.680789476633072,60.31964501738548,0
2050-02-03 16:00:00,67.66709387302399,185.4854734569788,40.89969992637634,2.2037884011864666,3.553576072305441,26.77304207161069,0
2050-02-03 17:00:00,21.569235622882843,42.30386738292873,9.956155344843864,0.31832389626652,0.1576810136437416,5.640784249454737,0
2050-02-03 18:00:00,0.0,0.0,0.0,0.0,0.0,0.0,0
2050-02-03 19:00:00,0.0,0.0,0.0,0.0,0.0,0.0,0
2050-02-03 20:00:00,0.0,0.0,0.0,0.0,0.0,0.0,0
2050-02-03 21:00:00,0.0,0.0,0.0,0.0,0.0,0.0,0
2050-02-03 22:00:00,0.0,0.0,0.0,0.0,0.0,0.0,0
2050-02-03 23:00:00,0.0,0.0,0.0,0.0,0.0,0.0,0
2050-02-04 00:00:00,0.0,0.0,0.0,0.0,0.0,0.0,0
2050-02-04 01:00:00,0.0,0.0,0.0,0.0,0.0,0.0,0
2050-02-04 02:00:00,0.0,0.0,0.0,0.0,0.0,0.0,0
2050-02-04 03:00:00,0.0,0.0,0.0,0.0,0.0,0.0,0
2050-02-04 04:00:00,0.0,0.0,0.0,0.0,0.0,0.0,0
2050-02-04 05:00:00,0.0,0.0,0.0,0.0,0.0,0.0,0
2050-02-04 06:00:00,0.0,0.0,0.0,0.0,0.0,0.0,0
2050-02-04 07:00:00,0.0,0.0,0.0,0.0,1.731158198369667,2.7803985269740226,0
2050-02-04 08:00:00,28.602787852287292,94.66579832956195,18.242131546139717,3.0603364527225496,10.085044638812542,64.71135079860687,0
2050-02-04 09:00:00,55.58047890663147,211.3255569472909,30.83479553461075,3.871682080626488,16.63381919413805,98.63803527951241,0
2050-02-04 10:00:00,79.83733415603638,238.01088569909334,32.845987379550934,3.439738926291466,19.614611303806306,121.69684041142465,0
2050-02-04 11:00:00,119.7986364364624,256.20452301204205,35.83948016166687,3.521790024638176,18.012568570673466,122.68225794434548,0
2050-02-04 12:00:00,150.59189200401306,311.21718499958513,47.383810579776764,3.9579642951488494,14.128605441749096,108.60525647103788,0
2050-02-04 13:00:00,157.5142204761505,305.6834209740162,58.99660885334015,4.616965070366859,10.849347756803036,82.44363187849521,0
2050-02-04 14:00:00,139.8422122001648,252.51350121200085,52.490173280239105,5.054371401667595,7.621833020448685,51.596983985602854,0
2050-02-04 15:00:00,105.81979751586914,166.98233972936868,35.6768824160099,4.434168952703477,3.230785363540053,27.939456344395875,0
2050-02-04 16:00:00,64.59405422210693,112.06885547339917,24.648689478635788,2.4933559209108354,1.0270095653831959,12.75430966168642,0
2050-02-04 17:00:00,21.164772659540176,27.938408198580145,5.8014169335365295,0.30622659660875795,0.011033252300694584,4.05354508459568,0
2050-02-04 18:00:00,0.0,0.0,0.0,0.0,0.0,0.0,0
2050-02-04 19:00:00,0.0,0.0,0.0,0.0,0.0,0.0,0
2050-02-04 20:00:00,0.0,0.0,0.0,0.0,0.0,0.0,0
2050-02-04 21:00:00,0.0,0.0,0.0,0.0,0.0,0.0,0
2050-02-04 22:00:00,0.0,0.0,0.0,0.0,0.0,0.0,0
2050-02-04 23:00:00,0.0,0.0,0.0,0.0,0.0,0.0,0
2050-02-05 00:00:00,0.0,0.0,0.0,0.0,0.0,0.0,0
2050-02-05 01:00:00,0.0,0.0,0.0,0.0,0.0,0.0,0
2050-02-05 02:00:00,0.0,0.0,0.0,0.0,0.0,0.0,0
2050-02-05 03:00:00,0.0,0.0,0.0,0.0,0.0,0.0,0
2050-02-05 04:00:00,0.0,0.0,0.0,0.0,0.0,0.0,0
2050-02-05 05:00:00,0.0,0.0,0.0,0.0,0.0,0.0,0
2050-02-05 06:00:00,0.0,0.0,0.0,0.0,0.0,0.0,0
2050-02-05 07:00:00,0.0,0.0,0.0,0.03496427205391228,0.29154284857213497,1.1205700993537904,0
2050-02-05 08:00:00,47.544462978839874,124.54229321032763,24.047233164310455,2.8514199405908585,4.9092272110283375,44.35367355793714,0
2050-02-05 09:00:00,105.85989356040955,245.61152441203595,57.55227953195572,4.014251989126206,4.820761388540268,99.25305572152138,0
2050-02-05 10:00:00,139.61392641067505,344.0085364103317,78.0592828989029,2.940208043158054,10.56997579038143,134.9819979429245,0
2050-02-05 11:00:00,145.4357385635376,478.837722659111,118.44017207622528,3.4379700794816017,10.748382119089365,145.136942923069,0
2050-02-05 12:00:00,135.36383509635925,588.5596045225859,128.27847003936768,3.6721476137638094,4.453554322570563,119.08144367039205,0
2050-02-05 13:00:00,123.56683611869812,567.321094673872,120.80137431621552,3.8326212227344514,3.891458661854267,89.00429238080979,0
2050-02-05 14:00:00,109.46960151195526,477.9015031725168,102.3939996957779,4.020189741253853,3.1647521585226057,60.90087935179472,0
2050-02-05 15:00:00,89.71038162708282,354.74948528409004,75.77276229858398,5.454501593112946,1.7145356088876724,34.221324507892135,0
2050-02-05 16:00:00,64.77323472499847,203.44381369054318,42.804425954818726,3.479339408874512,0.602918877452612,19.004409857280553,0
2050-02-05 17:00:00,21.146687865257263,48.92453470490873,10.455858707427979,0.44529144950211047,0.004959192831302061,6.170254885405303,0
2050-02-05 18:00:00,0.0,0.0,0.0,0.0,0.0,0.0,0
2050-02-05 19:00:00,0.0,0.0,0.0,0.0,0.0,0.0,0
2050-02-05 20:00:00,0.0,0.0,0.0,0.0,0.0,0.0,0
2050-02-05 21:00:00,0.0,0.0,0.0,0.0,0.0,0.0,0
2050-02-05 22:00:00,0.0,0.0,0.0,0.0,0.0,0.0,0
2050-02-05 23:00:00,0.0,0.0,0.0,0.0,0.0,0.0,0
2050-02-06 00:00:00,0.0,0.0,0.0,0.0,0.0,0.0,0
2050-02-06 01:00:00,0.0,0.0,0.0,0.0,0.0,0.0,0
2050-02-06 02:00:00,0.0,0.0,0.0,0.0,0.0,0.0,0
2050-02-06 03:00:00,0.0,0.0,0.0,0.0,0.0,0.0,0
2050-02-06 04:00:00,0.0,0.0,0.0,0.0,0.0,0.0,0
2050-02-06 05:00:00,0.0,0.0,0.0,0.0,0.0,0.0,0
2050-02-06 06:00:00,0.0,0.0,0.0,0.0,0.0,0.0,0
2050-02-06 07:00:00,0.0,0.0,0.0,0.16463668803917245,0.16041688034310936,0.2046830292791128,0
2050-02-06 08:00:00,49.68235194683075,158.03960160017013,28.86069416999817,5.2319358646869665,4.91484468281269,25.355756000429395,0
2050-02-06 09:00:00,105.95563650131226,342.77290979623797,69.02783811092377,9.966279673576356,8.71968504190445,32.685732203722,0
2050-02-06 10:00:00,144.84848380088806,444.17228347063065,98.45529198646545,12.567383790016175,10.764289271831512,45.18144529610872,0
2050-02-06 11:00:00,164.12807703018188,510.72369971871376,115.04942178726196,13.513862454891205,13.32428268790245,53.56116984337569,0
2050-02-06 12:00:00,169.41357851028442,547.3700048565864,120.7277923822403,13.129291224479676,13.633521068096162,57.84727271348238,0
2050-02-06 13:00:00,162.29206323623657,529.5362383663654,116.14021360874176,10.978336989879608,12.462337172031402,62.32143825590611,0
2050-02-06 14:00:00,142.68233180046082,460.7066994011402,99.06171262264252,8.374892544746398,12.940179413557052,65.43385879695415,0
2050-02-06 15:00:00,107.6323926448822,342.3400343835354,72.8891909122467,5.177846318483353,11.022505763173104,53.605093097686776,0
2050-02-06 16:00:00,64.08021748065948,196.48651573359967,42.22438931465149,2.4749479994177817,3.7442136250436304,23.46922809705138,0
2050-02-06 17:00:00,20.671697705984116,49.03207373637706,10.618267580866814,0.353427641838789,0.16249088956974447,5.1654919275548306,0
2050-02-06 18:00:00,0.0,0.0,0.0,0.0,0.0,0.0,0
2050-02-06 19:00:00,0.0,0.0,0.0,0.0,0.0,0.0,0
2050-02-06 20:00:00,0.0,0.0,0.0,0.0,0.0,0.0,0
2050-02-06 21:00:00,0.0,0.0,0.0,0.0,0.0,0.0,0
2050-02-06 22:00:00,0.0,0.0,0.0,0.0,0.0,0.0,0
2050-02-06 23:00:00,0.0,0.0,0.0,0.0,0.0,0.0,0
2050-05-06 00:00:00,0.0,0.0,0.0,0.0,0.0,0.0,0
2050-05-06 01:00:00,0.0,0.0,0.0,0.0,0.0,0.0,0
2050-05-06 02:00:00,0.0,0.0,0.0,0.0,0.0,0.0,0
2050-05-06 03:00:00,0.0,0.0,0.0,0.0,0.0,0.0,0
2050-05-06 04:00:00,0.0,0.0,0.0,0.0,0.0,0.0,0
2050-05-06 05:00:00,0.0,0.0,0.0,0.0,0.0,0.0,0
2050-05-06 06:00:00,3.6503370851278305,17.828332826681436,3.6159468814730644,0.4759999617934227,1.5119606703519821,7.332351504452527,0
2050-05-06 07:00:00,25.727707147598267,99.29153013825416,21.344292908906937,1.8288362920284271,4.799408770352602,28.39332855194807,0
2050-05-06 08:00:00,66.45928919315338,245.7477149784565,51.339881122112274,3.5173132449388507,9.787957495450973,59.22124044001102,0
2050-05-06 09:00:00,107.63002634048462,363.50381829738615,74.83384609222412,5.68344908952713,11.619715665280818,81.253198158741,0
2050-05-06 10:00:00,134.04617309570312,443.2011873960495,91.9564962387085,7.729116243124008,10.022722843289376,88.86569751799107,0
2050-05-06 11:00:00,149.15554523468018,492.83523631691935,102.35241651535034,7.98445292711258,10.045679271221161,97.93947974443435,0
2050-05-06 12:00:00,153.18333506584167,508.2390299320221,106.15217685699463,8.291365092992784,10.249406796693801,102.73725280761718,0
2050-05-06 13:00:00,147.39970564842224,491.55763908624647,102.43805050849915,7.760786157846451,9.675673949718476,102.7207802951336,0
2050-05-06 14:00:00,133.5586130619049,440.47010841965675,90.86986184120178,6.213669663667679,10.016529555618764,94.35690491497516,0
2050-05-06 15:00:00,109.34627056121826,354.3770719617605,73.00301939249039,5.032011085748673,7.15235310792923,67.90840276181697,0
2050-05-06 16:00:00,77.55308151245117,251.6490779340267,51.417526602745056,3.3725932627916335,4.142049566656351,39.83712039813399,0
2050-05-06 17:00:00,39.88517075777054,141.8264184743166,28.958364576101303,1.8925783976912498,1.6427482094615697,16.16068687736988,0
2050-05-06 18:00:00,12.367157265543938,48.95610676854849,9.93809849023819,0.4837931297719479,0.14697009860537946,2.6198349738959226,0
2050-05-06 19:00:00,0.0,0.0,0.0,0.0,0.0,0.0,0
2050-05-06 20:00:00,0.0,0.0,0.0,0.0,0.0,0.0,0
2050-05-06 21:00:00,0.0,0.0,0.0,0.0,0.0,0.0,0
2050-05-06 22:00:00,0.0,0.0,0.0,0.0,0.0,0.0,0
2050-05-06 23:00:00,0.0,0.0,0.0,0.0,0.0,0.0,0
2050-05-07 00:00:00,0.0,0.0,0.0,0.0,0.0,0.0,0
2050-05-07 01:00:00,0.0,0.0,0.0,0.0,0.0,0.0,0
2050-05-07 02:00:00,0.0,0.0,0.0,0.0,0.0,0.0,0
2050-05-07 03:00:00,0.0,0.0,0.0,0.0,0.0,0.0,0
2050-05-07 04:00:00,0.0,0.0,0.0,0.0,0.0,0.0,0
2050-05-07 05:00:00,0.0,0.0,0.0,0.0,0.0,0.0,0
2050-05-07 06:00:00,4.262285865843296,20.69608837533742,4.088970087468624,0.5600830920040608,1.8727148409932852,9.46560459957691,0
2050-05-07 07:00:00,29.778175055980682,99.8979360729456,20.254357159137726,2.752266266942024,7.050663115084172,39.1445304363966,0
2050-05-07 08:00:00,71.73707187175751,243.84358641803266,48.21101278066635,6.275906509160996,12.968279573321343,75.78205443322659,0
2050-05-07 09:00:00,103.67088317871094,366.6251109570265,72.52739667892456,8.867138159275054,17.628537663817404,107.38844239115716,0
2050-05-07 10:00:00,116.0409152507782,445.762301158905,89.57034051418304,9.996120762825013,20.47514680325985,127.25613126158714,0
2050-05-07 11:00:00,128.60761880874634,480.31384818553926,99.53460395336151,10.035404193401337,21.55732355117798,136.05473737120627,0
2050-05-07 12:00:00,141.18242263793945,495.1573137521744,99.8565137386322,9.275149869918824,21.03854082226753,134.74457710385323,0
2050-05-07 13:00:00,138.94066214561462,469.02008521556854,94.18686926364899,8.262887144088745,19.19513248205185,125.16622053980828,0
2050-05-07 14:00:00,126.45713686943054,414.54969668388367,84.3611866235733,7.215301841497421,15.814074203372002,106.82346493601798,0
2050-05-07 15:00:00,104.97538447380066,310.48592925071716,68.45568269491196,5.8408843100070955,11.785212203860283,81.95709744393825,0
2050-05-07 16:00:00,73.94029796123505,209.65837014317512,47.793298959732056,4.031089043617248,7.626902131736278,53.966885784268385,0
2050-05-07 17:00:00,39.18799161911011,115.92423631325364,26.720231026411057,2.1943284422159195,3.8198528975248336,26.284017445147036,0
2050-05-07 18:00:00,12.404147908091545,39.846677130647,9.549592807888985,0.5609278675168753,0.6940281199291348,4.970934685505926,0
2050-05-07 19:00:00,0.0,0.0,0.0,0.0,0.0,0.0,0
2050-05-07 20:00:00,0.0,0.0,0.0,0.0,0.0,0.0,0
2050-05-07 21:00:00,0.0,0.0,0.0,0.0,0.0,0.0,0
2050-05-07 22:00:00,0.0,0.0,0.0,0.0,0.0,0.0,0
2050-05-07 23:00:00,0.0,0.0,0.0,0.0,0.0,0.0,0
2050-05-08 00:00:00,0.0,0.0,0.0,0.0,0.0,0.0,0
2050-05-08 01:00:00,0.0,0.0,0.0,0.0,0.0,0.0,0
2050-05-08 02:00:00,0.0,0.0,0.0,0.0,0.0,0.0,0
2050-05-08 03:00:00,0.0,0.0,0.0,0.0,0.0,0.0,0
2050-05-08 04:00:00,0.0,0.0,0.0,0.0,0.0,0.0,0
2050-05-08 05:00:00,0.0,0.0,0.0,0.0,0.0,0.0,0
2050-05-08 06:00:00,0.7918889343272895,5.850471802195534,0.4591900622472167,0.6558731059543789,2.0037600573152305,10.126866947766395,0
2050-05-08 07:00:00,8.968956768512726,41.08612161129713,5.612716823816299,2.5004365108907223,7.08676341176033,32.86698630750179,0
2050-05-08 08:00:00,19.16307657957077,122.61295876204967,21.57820612192154,4.032629503309726,12.831736713647842,50.963302719593045,0
2050-05-08 09:00:00,43.74460577964783,157.56672537028788,29.00618389248848,4.047141838073731,15.9711164355278,84.48375323414803,0
2050-05-08 10:00:00,91.15079939365387,234.2812253832817,51.949542760849,3.5163658648729323,20.80182850956917,117.8839925646782,0
2050-05-08 11:00:00,79.6065703034401,287.3020824849606,61.52921766042709,3.1715848803520204,21.691274964809416,128.86730128526688,0
2050-05-08 12:00:00,67.7866667509079,297.7087392926216,60.71941405534744,3.1671876549720763,20.269522356987,124.309500259161,0
2050-05-08 13:00:00,72.00215011835098,318.4997787386179,59.06366407871246,3.2683960497379303,16.664675441384315,110.71348891854286,0
2050-05-08 14:00:00,76.39060616493225,172.6297198906541,33.2135371863842,2.9893257498741153,11.444926416873932,75.4039640069008,0
2050-05-08 15:00:00,29.19575124979019,110.68260498046875,18.82263645529747,3.7626047879457474,6.309242953360081,44.93350339382887,0
2050-05-08 16:00:00,21.824969351291656,113.58690509945154,20.714829862117767,3.1828328490257265,3.515283226966858,25.362062203139068,0
2050-05-08 17:00:00,16.925962641835213,93.31647938489914,22.43426889181137,1.1218754708766938,1.5784201830625535,12.936653967946768,0
2050-05-08 18:00:00,7.715889252722263,33.582062021642926,8.758029900491238,0.21639715991914274,0.1621446912176907,2.420055894204415,0
2050-05-08 19:00:00,0.0,0.0,0.0,0.0,0.0,0.0,0
2050-05-08 20:00:00,0.0,0.0,0.0,0.0,0.0,0.0,0
2050-05-08 21:00:00,0.0,0.0,0.0,0.0,0.0,0.0,0
2050-05-08 22:00:00,0.0,0.0,0.0,0.0,0.0,0.0,0
2050-05-08 23:00:00,0.0,0.0,0.0,0.0,0.0,0.0,0
2050-05-09 00:00:00,0.0,0.0,0.0,0.0,0.0,0.0,0
2050-05-09 01:00:00,0.0,0.0,0.0,0.0,0.0,0.0,0
2050-05-09 02:00:00,0.0,0.0,0.0,0.0,0.0,0.0,0
2050-05-09 03:00:00,0.0,0.0,0.0,0.0,0.0,0.0,0
2050-05-09 04:00:00,0.0,0.0,0.0,0.0,0.0,0.0,0
2050-05-09 05:00:00,0.0,0.0,0.0,0.0,0.0,0.0,0
2050-05-09 06:00:00,3.1821338459849358,22.790389587916433,4.374715033918619,0.7985962718725205,1.9917626149952412,10.56701051853015,0
2050-05-09 07:00:00,27.257806062698364,111.13293973952531,22.17974290251732,2.6733967989683154,6.720232696831227,32.22832912355661,0
2050-05-09 08:00:00,67.96844601631165,268.99907185435296,54.386311769485474,4.622790098190308,10.952833980321884,42.423328252136706,0
2050-05-09 09:00:00,101.54650807380676,401.6138628482819,81.5451979637146,6.971009981632233,14.225193527340888,58.09531994760037,0
2050-05-09 10:00:00,124.44378137588501,487.38475251793864,98.89393150806427,9.854574930667878,19.5690294444561,103.24973686933518,0
2050-05-09 11:00:00,134.5399796962738,514.5127622723579,107.27759599685669,11.762641203403474,20.448437613248824,122.31323247551919,0
2050-05-09 12:00:00,134.21420454978943,499.430942940712,106.29635453224182,12.111756062507629,19.89295820593834,123.74237770438194,0
2050-05-09 13:00:00,117.31201708316803,421.02888836860654,91.03358387947083,11.263562381267548,18.550761574506758,116.36157694458961,0
2050-05-09 14:00:00,97.74332046508789,349.4481505602598,71.47597521543503,9.91275497674942,16.082171411812304,101.12383305430413,0
2050-05-09 15:00:00,72.2297802567482,272.51579172611235,54.23799008131027,7.632636094093323,12.77003416866064,76.51551201343537,0
2050-05-09 16:00:00,45.905739068984985,206.70179150700568,42.30903089046478,4.949581968784332,8.48188171684742,44.98741050511599,0
2050-05-09 17:00:00,25.146421790122986,128.29647746682167,26.232261210680008,2.2377982258796694,4.296596409380436,22.46740143597126,0
2050-05-09 18:00:00,9.553062170743942,49.415602541714904,10.25458574295044,0.7034305073320866,0.7905356850475073,4.672666241973639,0
2050-05-09 19:00:00,0.0,0.0,0.0,0.0,0.0,0.0,0
2050-05-09 20:00:00,0.0,0.0,0.0,0.0,0.0,0.0,0
2050-05-09 21:00:00,0.0,0.0,0.0,0.0,0.0,0.0,0
2050-05-09 22:00:00,0.0,0.0,0.0,0.0,0.0,0.0,0
2050-05-09 23:00:00,0.0,0.0,0.0,0.0,0.0,0.0,0
2050-05-10 00:00:00,0.0,0.0,0.0,0.0,0.0,0.0,0
2050-05-10 01:00:00,0.0,0.0,0.0,0.0,0.0,0.0,0
2050-05-10 02:00:00,0.0,0.0,0.0,0.0,0.0,0.0,0
2050-05-10 03:00:00,0.0,0.0,0.0,0.0,0.0,0.0,0
2050-05-10 04:00:00,0.0,0.0,0.0,0.0,0.0,0.0,0
2050-05-10 05:00:00,0.0,0.0,0.0,0.0,0.0,0.0,0
2050-05-10 06:00:00,0.32423892989754677,10.335941587248817,1.7445577774196863,0.7381481401622295,2.2092027720063925,10.048465479165316,0
2050-05-10 07:00:00,5.350565351545811,48.55207845903933,8.415712974965572,2.510849338769913,7.817586839199066,38.1599110096693,0
2050-05-10 08:00:00,11.14967092871666,98.10231309235095,17.534545809030533,4.522863417863846,13.88135524392128,67.75338762700558,0
2050-05-10 09:00:00,19.71004232764244,147.47726740539073,26.683227717876434,5.408423334360123,18.179382038116454,87.64672899842263,0
2050-05-10 10:00:00,36.32062077522278,180.28984341174365,34.239231795072556,5.7071239173412325,20.339714533090593,99.16785262823106,0
2050-05-10 11:00:00,46.39924615621567,216.52715991437435,41.21858328580856,4.674806195497513,20.40177272260189,103.84221076369286,0
2050-05-10 12:00:00,39.18961137533188,227.40113703906536,40.35174250602722,4.619703888893127,18.53124479651451,99.93164627850057,0
2050-05-10 13:00:00,30.877259373664856,249.01815469563007,41.49023741483688,4.563153773546219,15.291258546710015,96.7263462215662,0
2050-05-10 14:00:00,31.68010264635086,243.16492648422718,42.66496002674103,4.01156168282032,12.838674646615981,93.76112365424635,0
2050-05-10 15:00:00,30.186913907527924,191.2753388017416,35.372453927993774,2.8545815289020537,10.162715783715248,72.79644964933397,0
2050-05-10 16:00:00,23.855149000883102,160.87222427278758,33.48648324608803,2.0308483093976974,6.963533833622932,47.50876590758562,0
2050-05-10 17:00:00,22.3371259868145,79.16818137317895,16.1729883402586,1.224167314171791,3.399363086372614,20.147524423152205,0
2050-05-10 18:00:00,10.891226679086685,19.076366207562387,2.7060250751674175,0.3658984169363976,0.6434375230222941,3.7076536141335965,0
2050-05-10 19:00:00,0.0,0.0,0.0,0.0,0.0,0.0,0
2050-05-10 20:00:00,0.0,0.0,0.0,0.0,0.0,0.0,0
2050-05-10 21:00:00,0.0,0.0,0.0,0.0,0.0,0.0,0
2050-05-10 22:00:00,0.0,0.0,0.0,0.0,0.0,0.0,0
2050-05-10 23:00:00,0.0,0.0,0.0,0.0,0.0,0.0,0
2050-06-26 00:00:00,0.0,0.0,0.0,0.0,0.0,0.0,0
2050-06-26 01:00:00,0.0,0.0,0.0,0.0,0.0,0.0,0
2050-06-26 02:00:00,0.0,0.0,0.0,0.0,0.0,0.0,0
2050-06-26 03:00:00,0.0,0.0,0.0,0.0,0.0,0.0,0
2050-06-26 04:00:00,0.0,0.0,0.0,0.0,0.0,0.0,0
2050-06-26 05:00:00,0.0,0.0,0.0,0.0,0.0,0.0,0
2050-06-26 06:00:00,7.483496516942978,38.372550029680134,7.580569759011269,1.0148823261260986,1.5491129141300917,6.961246149055659,0
2050-06-26 07:00:00,27.55071520805359,111.59078598469496,22.26680964231491,3.119294562935829,4.314290794730186,20.08360482081771,0
2050-06-26 08:00:00,65.49594402313232,243.83413596153258,48.857809603214264,6.173677301406861,8.604827262461185,43.37750291228295,0
2050-06-26 09:00:00,97.39888906478882,355.3251135587692,71.51708900928497,8.513028091192247,12.082536032795906,61.861699467897424,0
2050-06-26 10:00:00,118.88141632080078,433.28579194545745,86.69031858444214,10.008770668506623,14.742289665341378,76.63406900465489,0
2050-06-26 11:00:00,131.24306797981262,478.78335254788396,95.93681395053864,10.749611139297485,16.205592411756516,85.48326776027679,0
2050-06-26 12:00:00,135.55447459220886,486.24687192440035,97.32364118099213,10.689572596549988,17.442766949534416,90.36228503286839,0
2050-06-26 13:00:00,132.03770518302917,470.5632023870945,94.81940567493439,9.798795795440673,16.343513852357866,87.5056675195694,0
2050-06-26 14:00:00,120.2406644821167,421.0062279641628,85.02312898635864,8.089714413881303,14.1889872610569,76.16436944603919,0
2050-06-26 15:00:00,100.67900121212006,340.48979109823705,70.2782928943634,6.397137421369552,10.961129361391068,59.709502413868904,0
2050-06-26 16:00:00,73.07288348674774,246.79136298298835,51.14878714084625,4.854664862155914,7.264645224809646,40.2062090665102,0
2050-06-26 17:00:00,40.85560441017151,146.66677711606025,30.425023287534714,2.6816723346710205,3.7969577476382255,20.634964649379256,0
2050-06-26 18:00:00,16.3434199988842,62.47736129686236,13.056668266654015,1.0134321108460427,1.0429929111152887,5.635474127531052,0
2050-06-26 19:00:00,3.9975627325475216,5.744528524205089,1.4140054117888212,0.008021962828934193,0.0,0.034340559504926205,0
2050-06-26 20:00:00,0.0,0.0,0.0,0.0,0.0,0.0,0
2050-06-26 21:00:00,0.0,0.0,0.0,0.0,0.0,0.0,0
2050-06-26 22:00:00,0.0,0.0,0.0,0.0,0.0,0.0,0
2050-06-26 23:00:00,0.0,0.0,0.0,0.0,0.0,0.0,0
2050-06-27 00:00:00,0.0,0.0,0.0,0.0,0.0,0.0,0
2050-06-27 01:00:00,0.0,0.0,0.0,0.0,0.0,0.0,0
2050-06-27 02:00:00,0.0,0.0,0.0,0.0,0.0,0.0,0
2050-06-27 03:00:00,0.0,0.0,0.0,0.0,0.0,0.0,0
2050-06-27 04:00:00,0.0,0.0,0.0,0.0,0.0,0.0,0
2050-06-27 05:00:00,0.0,0.0,0.0,0.0,0.0,0.0,0
2050-06-27 06:00:00,6.824937090277672,37.79808709695935,7.294359058141708,0.827740415930748,2.600216094404459,11.5313945136033,0
2050-06-27 07:00:00,26.41155943274498,112.27607141882181,21.796908974647522,2.7202404528856277,6.996792776882648,37.58950225263834,0
2050-06-27 08:00:00,64.47013020515442,249.7438314139843,49.29572939872742,5.7256334066390995,12.58059756755829,73.42939628064633,0
2050-06-27 09:00:00,96.49290442466736,369.3539535820484,73.27542901039124,8.281297546625137,16.636589977145196,102.43838171362877,0
2050-06-27 10:00:00,117.60673522949219,449.47751252651216,89.37751650810242,9.814882290363313,19.663065457344054,122.48875297904014,0
2050-06-27 11:00:00,129.3734848499298,486.64209297299385,97.62124121189117,10.578600800037384,20.949574506282808,130.69176810979843,0
2050-06-27 12:00:00,133.54077339172363,479.64227455854416,97.06825017929077,10.424360859394074,20.763850170373917,131.3728804051876,0
2050-06-27 13:00:00,130.5158793926239,458.23464197516444,92.76142716407776,9.859721851348878,19.38340173959732,123.87066912651062,0
2050-06-27 14:00:00,119.13195252418518,409.8725625753403,82.72978663444519,8.616394013166428,16.94156623184681,108.99627158641816,0
2050-06-27 15:00:00,98.38891327381134,327.82874833345414,66.98877364397049,6.595114135742188,13.165720960497856,85.88244635760785,0
2050-06-27 16:00:00,71.06218934059143,234.56437801122667,47.32285737991333,4.501723289489746,9.045959109067917,59.23893612623215,0
2050-06-27 17:00:00,40.63071310520172,129.2159371972084,25.410157442092896,2.4095860719680786,4.916481418907642,31.675965985655786,0
2050-06-27 18:00:00,16.045306622982025,57.14232180193066,11.443497240543365,0.875620323419571,1.4976356264203787,8.679966424033045,0
2050-06-27 19:00:00,3.551092930138111,4.830065784952604,1.1047949083149433,0.007685664109885693,0.0,0.03285600524395704,0
2050-06-27 20:00:00,0.0,0.0,0.0,0.0,0.0,0.0,0
2050-06-27 21:00:00,0.0,0.0,0.0,0.0,0.0,0.0,0
2050-06-27 22:00:00,0.0,0.0,0.0,0.0,0.0,0.0,0
2050-06-27 23:00:00,0.0,0.0,0.0,0.0,0.0,0.0,0
2050-06-28 00:00:00,0.0,0.0,0.0,0.0,0.0,0.0,0
2050-06-28 01:00:00,0.0,0.0,0.0,0.0,0.0,0.0,0
2050-06-28 02:00:00,0.0,0.0,0.0,0.0,0.0,0.0,0
2050-06-28 03:00:00,0.0,0.0,0.0,0.0,0.0,0.0,0
2050-06-28 04:00:00,0.0,0.0,0.0,0.0,0.0,0.0,0
2050-06-28 05:00:00,0.0,0.0,0.0,0.0,0.0,0.0,0
2050-06-28 06:00:00,6.040290370583534,35.56971696168184,6.730345822870731,1.11107030287385,2.448065911978483,11.626718204561621,0
2050-06-28 07:00:00,25.07525458931923,103.77100334912538,19.3639375269413,3.2606343150138857,7.071793906390667,37.9506771042943,0
2050-06-28 08:00:00,62.59878873825073,246.1217389792204,47.78445661067963,6.428345674276352,12.930437391996383,73.01282638907432,0
2050-06-28 09:00:00,94.74453926086426,367.16166538000107,70.7051083445549,8.942374789714814,17.47960051894188,101.2235676586628,0
2050-06-28 10:00:00,115.99518060684204,449.40755194425583,86.94081008434296,10.561076450347901,20.39962871670723,119.21553018689156,0
2050-06-28 11:00:00,129.20932173728943,491.79071950316427,94.65716779232025,11.3295884847641,21.794522511959077,127.7362536430359,0
2050-06-28 12:00:00,133.97302627563477,497.97608395814893,95.82734405994415,11.381138646602631,21.630502426624297,126.68575017452241,0
2050-06-28 13:00:00,130.9950828552246,481.37201019525526,92.98684000968933,10.704738461971283,20.156315320730208,119.49755257964134,0
2050-06-28 14:00:00,119.54380869865417,433.1210558235645,84.06962156295776,9.397068703174591,17.424960732460022,103.6341738462448,0
2050-06-28 15:00:00,98.55791330337524,359.25106420516965,70.23812234401703,7.4659979999065404,13.484606206417084,82.20638857781887,0
2050-06-28 16:00:00,71.39442265033722,261.0626455754042,51.251108944416046,4.903786587715149,9.190385186672211,56.82296983599663,0
2050-06-28 17:00:00,41.007380187511444,155.68635449409484,30.668190121650696,2.784992092847824,5.018149171769619,30.77366627007723,0
2050-06-28 18:00:00,16.195380687713623,66.50368548110127,13.252705335617065,1.0007322877645493,1.553072951734066,8.60009540654719,0
2050-06-28 19:00:00,3.709534462541342,6.419618901843205,1.4719532802700996,0.008145480416715145,0.0,0.037290684133768084,0
2050-06-28 20:00:00,0.0,0.0,0.0,0.0,0.0,0.0,0
2050-06-28 21:00:00,0.0,0.0,0.0,0.0,0.0,0.0,0
2050-06-28 22:00:00,0.0,0.0,0.0,0.0,0.0,0.0,0
2050-06-28 23:00:00,0.0,0.0,0.0,0.0,0.0,0.0,0
2050-07-16 00:00:00,0.0,0.0,0.0,0.0,0.0,0.0,0
2050-07-16 01:00:00,0.0,0.0,0.0,0.0,0.0,0.0,0
2050-07-16 02:00:00,0.0,0.0,0.0,0.0,0.0,0.0,0
2050-07-16 03:00:00,0.0,0.0,0.0,0.0,0.0,0.0,0
2050-07-16 04:00:00,0.0,0.0,0.0,0.0,0.0,0.0,0
2050-07-16 05:00:00,0.0,0.0,0.0,0.0,0.0,0.0,0
2050-07-16 06:00:00,7.03999288380146,28.19659488238394,5.751791596412659,0.7879466272890568,2.082261569984257,9.794137306907214,0
2050-07-16 07:00:00,26.93677246570587,108.49936993718147,22.346965223550797,2.3803923398256304,6.215273271501064,33.47133109420538,0
2050-07-16 08:00:00,65.28896987438202,248.99989484250546,50.50469934940338,4.847365832328797,11.38653517216444,63.38910548388958,0
2050-07-16 09:00:00,95.54413259029388,367.5753133833408,73.34251552820206,6.305976849794388,15.158532619476318,87.1224960565567,0
2050-07-16 10:00:00,107.73441195487976,447.8481451749802,88.60329687595367,7.6573409020900725,16.928734961152077,98.99603775143623,0
2050-07-16 11:00:00,98.13235998153687,490.23323777318,96.1785078048706,9.11824016571045,17.569057714939117,101.25410711169243,0
2050-07-16 12:00:00,98.97817075252533,493.25709159374236,95.34851610660553,9.554323971271515,16.882832723855973,96.6619873046875,0
2050-07-16 13:00:00,97.9692667722702,473.995815962553,93.09440553188324,8.985700809955597,15.714955538511276,87.56103405356407,0
2050-07-16 14:00:00,91.41343832015991,425.0025994360447,85.67109704017639,7.713807713985443,13.360614970326424,74.53731004595757,0
2050-07-16 15:00:00,75.48421025276184,335.5442064702511,68.15028190612793,5.478465497493744,10.3975850969553,57.84173081815243,0
2050-07-16 16:00:00,60.76890528202057,238.25041233301164,49.689437448978424,3.387707468867302,7.245125572383404,39.62575540244579,0
2050-07-16 17:00:00,39.059050381183624,136.44277314841747,29.844027757644653,1.70256474763155,3.954774910211563,21.055807710438966,0
2050-07-16 18:00:00,16.711803525686264,55.57456939071417,12.683279067277908,0.5267468761652708,0.9099789604544639,5.573639799654483,0
2050-07-16 19:00:00,2.4927142076194286,1.7209290419355967,0.5871248664334416,0.0,0.0,0.0,0
2050-07-16 20:00:00,0.0,0.0,0.0,0.0,0.0,0.0,0
2050-07-16 21:00:00,0.0,0.0,0.0,0.0,0.0,0.0,0
2050-07-16 22:00:00,0.0,0.0,0.0,0.0,0.0,0.0,0
2050-07-16 23:00:00,0.0,0.0,0.0,0.0,0.0,0.0,0
2050-07-17 00:00:00,0.0,0.0,0.0,0.0,0.0,0.0,0
2050-07-17 01:00:00,0.0,0.0,0.0,0.0,0.0,0.0,0
2050-07-17 02:00:00,0.0,0.0,0.0,0.0,0.0,0.0,0
2050-07-17 03:00:00,0.0,0.0,0.0,0.0,0.0,0.0,0
2050-07-17 04:00:00,0.0,0.0,0.0,0.0,0.0,0.0,0
2050-07-17 05:00:00,0.0,0.0,0.0,0.0,0.0,0.0,0
2050-07-17 06:00:00,4.329577833414078,26.392923399060965,5.475203320384026,0.36361650414764884,1.4531698748469353,6.855193265515846,0
2050-07-17 07:00:00,20.340076833963394,100.63124843239784,21.19218036532402,1.5467073023319244,3.522609996795654,16.164545811712742,0
2050-07-17 08:00:00,60.47510206699371,237.56218302249908,49.354103207588196,2.854543200135231,6.2778878778219225,30.46771083623171,0
2050-07-17 09:00:00,97.56713211536407,355.07192038297654,73.62150549888611,3.831246644258499,8.240123894810676,43.317261922359464,0
2050-07-17 10:00:00,121.55665755271912,437.39417147636414,90.23565351963043,4.574158927798271,8.024049291014672,51.70382210612297,0
2050-07-17 11:00:00,134.74494218826294,470.5383553922176,98.10624718666077,5.161051088571549,7.620675602555275,57.23157031238079,0
2050-07-17 12:00:00,138.54567408561707,470.6458750844002,98.41334223747253,5.380826050043106,7.425349569320678,57.16978032588959,0
2050-07-17 13:00:00,134.2585265636444,436.9432415783405,92.08805859088898,5.2580117046833035,7.115545177459717,55.53491469025612,0
2050-07-17 14:00:00,120.22724151611328,390.9721929550171,81.33113980293274,4.670483705401421,5.800311547517777,43.79477319270373,0
2050-07-17 15:00:00,98.20474088191986,318.6631771057844,65.6217634677887,3.5961575329303743,4.661097021400929,31.3256618604064,0
2050-07-17 16:00:00,69.9873298406601,232.93923111557962,48.84442090988159,2.600368076562882,3.576262429356575,22.18727662861347,0
2050-07-17 17:00:00,39.845894277095795,142.42774217575788,30.050937831401825,1.5433647990226746,2.04652960896492,12.410549621284009,0
2050-07-17 18:00:00,16.113026440143585,60.1406174890697,12.79982328414917,0.5011531949043274,0.4549951504915953,3.4820243950933216,0
2050-07-17 19:00:00,2.036668546497822,2.827526501851389,0.7853551302105188,0.0,0.0,0.0,0
2050-07-17 20:00:00,0.0,0.0,0.0,0.0,0.0,0.0,0
2050-07-17 21:00:00,0.0,0.0,0.0,0.0,0.0,0.0,0
2050-07-17 22:00:00,0.0,0.0,0.0,0.0,0.0,0.0,0
2050-07-17 23:00:00,0.0,0.0,0.0,0.0,0.0,0.0,0
2050-07-18 00:00:00,0.0,0.0,0.0,0.0,0.0,0.0,0
2050-07-18 01:00:00,0.0,0.0,0.0,0.0,0.0,0.0,0
2050-07-18 02:00:00,0.0,0.0,0.0,0.0,0.0,0.0,0
2050-07-18 03:00:00,0.0,0.0,0.0,0.0,0.0,0.0,0
2050-07-18 04:00:00,0.0,0.0,0.0,0.0,0.0,0.0,0
2050-07-18 05:00:00,0.0,0.0,0.0,0.0,0.0,0.0,0
2050-07-18 06:00:00,6.273657642304897,14.143887029774486,2.8323006816208363,0.7484605930745601,2.0633358228951693,9.110069636488333,0
2050-07-18 07:00:00,25.30013844370842,45.610167710483076,9.142997302114964,2.3037909269332886,5.417268918454647,29.910642343759537,0
2050-07-18 08:00:00,62.56675124168396,156.20260341912507,34.47122946381569,4.968359738588333,10.272451475262642,57.16987695395947,0
2050-07-18 09:00:00,95.10245323181152,263.0719856530428,59.74671095609665,7.105140733718872,13.526915180683137,76.66709076464176,0
2050-07-18 10:00:00,117.27408766746521,350.1794566988945,75.5067229270935,8.0790487408638,15.402775254845618,85.42054159641265,0
2050-07-18 11:00:00,130.72162866592407,401.66564313173296,86.72980964183807,8.738460624217987,15.928119748830795,87.43954514563083,0
2050-07-18 12:00:00,135.8697235584259,414.361189776659,91.78402125835419,8.74906405210495,15.823923528194427,85.88849825263023,0
2050-07-18 13:00:00,132.27217197418213,374.4682646870613,83.5696130990982,8.292391985654831,14.529627510905266,77.7638459980488,0
2050-07-18 14:00:00,118.00738573074341,302.6129470139742,67.3351138830185,7.255333495140076,12.719314303994178,67.63904220759869,0
2050-07-18 15:00:00,94.19943690299988,202.89209687113762,43.08966100215912,5.925327515602112,10.013941822946071,53.81652028560639,0
2050-07-18 16:00:00,68.90832781791687,131.46471730023623,26.84531807899475,4.163933727145196,6.734159345924854,36.941129247844216,0
2050-07-18 17:00:00,41.347287595272064,77.95296031236649,16.089756041765213,2.11906658411026,3.6666821271181105,20.380216586589814,0
2050-07-18 18:00:00,16.640010476112366,32.363671999052166,6.873110309243202,0.6598248757421971,0.9155394867062568,4.904354420676827,0
2050-07-18 19:00:00,2.4108130484819412,0.25916542853228747,0.0,0.0,0.0,0.0,0
2050-07-18 20:00:00,0.0,0.0,0.0,0.0,0.0,0.0,0
2050-07-18 21:00:00,0.0,0.0,0.0,0.0,0.0,0.0,0
2050-07-18 22:00:00,0.0,0.0,0.0,0.0,0.0,0.0,0
2050-07-18 23:00:00,0.0,0.0,0.0,0.0,0.0,0.0,0
2050-07-19 00:00:00,0.0,0.0,0.0,0.0,0.0,0.0,0
2050-07-19 01:00:00,0.0,0.0,0.0,0.0,0.0,0.0,0
2050-07-19 02:00:00,0.0,0.0,0.0,0.0,0.0,0.0,0
2050-07-19 03:00:00,0.0,0.0,0.0,0.0,0.0,0.0,0
2050-07-19 04:00:00,0.0,0.0,0.0,0.0,0.0,0.0,0
2050-07-19 05:00:00,0.0,0.0,0.0,0.0,0.0,0.0,0
2050-07-19 06:00:00,5.986305512487888,19.151823302358387,3.968376573175192,0.8545693181455135,1.399196182563901,8.565297624096274,0
2050-07-19 07:00:00,24.883664399385452,67.62837754487991,14.444097876548767,2.773516035079956,3.7054093636572363,24.15492325425148,0
2050-07-19 08:00:00,63.092032074928284,196.10044193863868,40.79389125108719,5.815815681219101,6.552844047546387,53.57421460598707,0
2050-07-19 09:00:00,95.99379897117615,324.1592300504446,67.06936061382294,8.512404096126556,8.432058715820313,70.42205093204976,0
2050-07-19 10:00:00,118.50370764732361,413.51932952404024,85.19081175327301,10.203141117095948,10.302017742395401,78.53272936046123,0
2050-07-19 11:00:00,131.6202998161316,451.33296261429786,94.47040557861328,10.91463725566864,11.74349803030491,76.99319061636925,0
2050-07-19 12:00:00,137.66745328903198,445.97725929617883,94.98381614685059,10.809079658985139,11.678309950232507,72.04360955953598,0
2050-07-19 13:00:00,133.64740014076233,404.92248379588125,86.60277128219604,9.663861536979676,9.8328351020813,63.352468916773795,0
2050-07-19 14:00:00,117.43836402893066,342.53472793102264,72.0405712723732,8.098205083608628,7.9281873345375065,53.78119298368692,0
2050-07-19 15:00:00,93.75722408294678,269.72040386796,56.659600138664246,6.221854847669602,6.234183466434478,39.50758557468653,0
2050-07-19 16:00:00,65.77240526676178,190.36363002955915,39.68275487422943,4.279584556818008,4.302239772677422,25.992458693683147,0
2050-07-19 17:00:00,39.368440210819244,114.40572413504124,24.04877319931984,2.4967510640621184,2.1996699213981628,14.603394809365273,0
2050-07-19 18:00:00,16.268062591552734,45.06680994480848,9.505939856171608,0.8356299139559269,0.5289102721959352,4.083795672748238,0
2050-07-19 19:00:00,2.055000653490424,0.5494842437328771,0.0,0.0,0.0,0.0,0
2050-07-19 20:00:00,0.0,0.0,0.0,0.0,0.0,0.0,0
2050-07-19 21:00:00,0.0,0.0,0.0,0.0,0.0,0.0,0
2050-07-19 22:00:00,0.0,0.0,0.0,0.0,0.0,0.0,0
2050-07-19 23:00:00,0.0,0.0,0.0,0.0,0.0,0.0,0
2050-07-20 00:00:00,0.0,0.0,0.0,0.0,0.0,0.0,0
2050-07-20 01:00:00,0.0,0.0,0.0,0.0,0.0,0.0,0
2050-07-20 02:00:00,0.0,0.0,0.0,0.0,0.0,0.0,0
2050-07-20 03:00:00,0.0,0.0,0.0,0.0,0.0,0.0,0
2050-07-20 04:00:00,0.0,0.0,0.0,0.0,0.0,0.0,0
2050-07-20 05:00:00,0.0,0.0,0.0,0.0,0.0,0.0,0
2050-07-20 06:00:00,6.5778205171227455,25.27773076817393,4.945758730173111,0.9395018957555294,1.3270648632198572,7.134324967442081,0
2050-07-20 07:00:00,26.363708823919296,94.25945969372988,16.87859147787094,3.0104238212108614,3.745483364164829,19.34338745325804,0
2050-07-20 08:00:00,62.22876310348511,219.76325145959854,41.41428619623184,6.22153953909874,7.061250633001327,39.326687189936635,0
2050-07-20 09:00:00,89.03027772903442,318.9065282791853,57.628458738327026,8.633205741643906,9.340506875514984,49.9479111224413,0
2050-07-20 10:00:00,104.40014004707336,399.6930776000023,75.41278302669525,10.15926843881607,8.986231955885888,49.307003155350685,0
2050-07-20 11:00:00,114.94105160236359,441.3911432147026,84.09745395183563,10.750291466712952,9.666324546933174,48.15404747277498,0
2050-07-20 12:00:00,117.30247139930725,457.6297132074833,89.3222987651825,10.673884189128875,9.536131390929222,43.22984318137169,0
2050-07-20 13:00:00,107.9156368970871,437.81608869433404,86.91900372505188,9.662808108329774,8.347490572929383,41.15170974135399,0
2050-07-20 14:00:00,95.68703174591064,385.71796399950983,77.23237574100494,7.761738902330399,6.335744757950306,35.908756354451185,0
2050-07-20 15:00:00,77.53945291042328,314.0051540136337,63.11022341251373,5.822413116693497,4.45198430866003,29.012192144989967,0
2050-07-20 16:00:00,58.1684336066246,230.27330382466317,46.413253247737885,4.294661447405815,2.9735081478953362,20.460384403169154,0
2050-07-20 17:00:00,35.693852603435516,140.14123284965754,28.346702456474304,2.535219466686249,1.4551879413425923,11.51565879099071,0
2050-07-20 18:00:00,15.307392179965973,57.82250677496195,11.558548361063004,0.870262985676527,0.21200336273759604,3.2108681321144106,0
2050-07-20 19:00:00,1.7911582719534636,1.8215366427553819,0.3874185844324529,0.0,0.0,0.0,0
2050-07-20 20:00:00,0.0,0.0,0.0,0.0,0.0,0.0,0
2050-07-20 21:00:00,0.0,0.0,0.0,0.0,0.0,0.0,0
2050-07-20 22:00:00,0.0,0.0,0.0,0.0,0.0,0.0,0
2050-07-20 23:00:00,0.0,0.0,0.0,0.0,0.0,0.0,0
2050-08-01 00:00:00,0.0,0.0,0.0,0.0,0.0,0.0,0
2050-08-01 01:00:00,0.0,0.0,0.0,0.0,0.0,0.0,0
2050-08-01 02:00:00,0.0,0.0,0.0,0.0,0.0,0.0,0
2050-08-01 03:00:00,0.0,0.0,0.0,0.0,0.0,0.0,0
2050-08-01 04:00:00,0.0,0.0,0.0,0.0,0.0,0.0,0
2050-08-01 05:00:00,0.0,0.0,0.0,0.0,0.0,0.0,0
2050-08-01 06:00:00,5.138380825519562,21.897637657262386,4.277175385504961,0.9436799295246602,2.019744623824954,7.70839098324068,0
2050-08-01 07:00:00,27.00968161225319,118.0240533426404,22.848471254110336,3.4141269087791444,6.9284606844186785,31.814878018200396,0
2050-08-01 08:00:00,67.03923642635345,266.79254774451255,52.43641287088394,6.824629545211792,13.302412781119347,68.97276436686516,0
2050-08-01 09:00:00,100.11760890483856,394.41736344099047,77.66173481941223,9.547860050201416,18.3020303606987,96.53133487701416,0
2050-08-01 10:00:00,122.58825898170471,479.72675609588623,94.4301187992096,11.150966620445251,21.083500480651857,116.85281517505646,0
2050-08-01 11:00:00,134.7506582736969,526.1281025826931,103.52945029735565,11.82897583246231,22.261876147985458,126.36531482338906,0
2050-08-01 12:00:00,139.32002782821655,530.7554493010044,104.13157045841217,11.768402636051178,21.953303813934326,124.66970208287239,0
2050-08-01 13:00:00,135.57828068733215,512.9693063557148,101.0605126619339,11.174830889701843,20.758605915308,118.78192175626755,0
2050-08-01 14:00:00,123.39953184127808,457.10576395988465,90.19752144813538,9.837658882141113,17.891380083560943,100.69353564381599,0
2050-08-01 15:00:00,102.19995975494385,370.06439390182493,72.83623069524765,7.86726987361908,13.865145289897919,75.94153081178665,0
2050-08-01 16:00:00,73.8799899816513,264.40030779242517,52.08679139614105,5.415653771162034,9.167848983407021,53.141130679845816,0
2050-08-01 17:00:00,41.98187589645386,153.70015936791896,30.392347276210785,2.9014647603034973,4.546443323791027,28.090926091372967,0
2050-08-01 18:00:00,15.195869654417038,57.5511362247169,11.631295457482338,0.8870193675160408,0.9100215431302786,6.207469536177815,0
2050-08-01 19:00:00,0.754255335777998,0.07106648157932796,0.0,0.0,0.0,0.0,0
2050-08-01 20:00:00,0.0,0.0,0.0,0.0,0.0,0.0,0
2050-08-01 21:00:00,0.0,0.0,0.0,0.0,0.0,0.0,0
2050-08-01 22:00:00,0.0,0.0,0.0,0.0,0.0,0.0,0
2050-08-01 23:00:00,0.0,0.0,0.0,0.0,0.0,0.0,0
2050-08-02 00:00:00,0.0,0.0,0.0,0.0,0.0,0.0,0
2050-08-02 01:00:00,0.0,0.0,0.0,0.0,0.0,0.0,0
2050-08-02 02:00:00,0.0,0.0,0.0,0.0,0.0,0.0,0
2050-08-02 03:00:00,0.0,0.0,0.0,0.0,0.0,0.0,0
2050-08-02 04:00:00,0.0,0.0,0.0,0.0,0.0,0.0,0
2050-08-02 05:00:00,0.0,0.0,0.0,0.0,0.0,0.0,0
2050-08-02 06:00:00,4.768144153058529,21.020801112800836,4.264796432107687,0.9317907720804215,1.2121916376054287,6.688290775567293,0
2050-08-02 07:00:00,26.61692574620247,115.57695514410734,22.771842777729034,3.4243099600076676,4.648594649136067,26.643561381474136,0
2050-08-02 08:00:00,66.83612167835236,266.11812849342823,52.70784795284271,6.921840411424637,10.165884080529214,57.81141063123941,0
2050-08-02 09:00:00,100.35960674285889,397.8599688351154,78.56308221817017,9.629809439182281,12.275597310066223,78.53221062719822,0
2050-08-02 10:00:00,122.07497358322144,484.5901886701584,95.77104449272156,11.28052031993866,12.241616904735565,93.92817047834396,0
2050-08-02 11:00:00,134.18887853622437,532.5357793092728,105.15638887882233,12.047215580940247,12.73818410038948,99.50542218983173,0
2050-08-02 12:00:00,138.98962140083313,541.7429340362548,106.93784952163696,12.0742849111557,14.114034140110016,103.42640289962291,0
2050-08-02 13:00:00,135.45418977737427,520.0704537630081,102.95823812484741,11.410945630073547,14.751648384332658,96.29339804947377,0
2050-08-02 14:00:00,123.26731085777283,464.2489856481552,91.93950891494751,9.977075862884522,13.392869311571122,82.22771288156508,0
2050-08-02 15:00:00,102.34004259109497,379.2985490977764,75.32103359699249,7.962564694881439,9.617311415076255,61.18329336345196,0
2050-08-02 16:00:00,73.41068685054779,271.118336135149,53.996023535728455,5.447931468486786,5.274485871195793,38.83134915083647,0
2050-08-02 17:00:00,41.59548282623291,157.9029651761055,31.534769386053085,2.876746529340744,2.2474678218364716,17.152284491062165,0
2050-08-02 18:00:00,14.879418164491653,53.93274215981364,10.41940413415432,0.8644285060465337,0.3977859979495406,3.4903625614941123,0
2050-08-02 19:00:00,0.498679606243968,0.0971742645080667,0.0,0.0,0.0,0.0,0
2050-08-02 20:00:00,0.0,0.0,0.0,0.0,0.0,0.0,0
2050-08-02 21:00:00,0.0,0.0,0.0,0.0,0.0,0.0,0
2050-08-02 22:00:00,0.0,0.0,0.0,0.0,0.0,0.0,0
2050-08-02 23:00:00,0.0,0.0,0.0,0.0,0.0,0.0,0
2050-08-03 00:00:00,0.0,0.0,0.0,0.0,0.0,0.0,0
2050-08-03 01:00:00,0.0,0.0,0.0,0.0,0.0,0.0,0
2050-08-03 02:00:00,0.0,0.0,0.0,0.0,0.0,0.0,0
2050-08-03 03:00:00,0.0,0.0,0.0,0.0,0.0,0.0,0
2050-08-03 04:00:00,0.0,0.0,0.0,0.0,0.0,0.0,0
2050-08-03 05:00:00,0.0,0.0,0.0,0.0,0.0,0.0,0
2050-08-03 06:00:00,4.732050374150276,19.780181672237813,4.059498477727175,0.8436052307486535,1.5281694125384093,6.796973538305611,0
2050-08-03 07:00:00,26.477617025375366,116.24355018883944,22.74194285273552,3.1153905153274537,5.453879679739475,26.512714320421217,0
2050-08-03 08:00:00,67.39163100719452,267.0622644692659,52.48328000307083,6.797498738765717,11.93804569542408,59.89934526085854,0
2050-08-03 09:00:00,101.40707194805145,399.3859056353569,78.52873206138611,9.512277400493621,16.67927696108818,89.45953730642796,0
2050-08-03 10:00:00,123.92181158065796,486.7524673759937,95.77321708202362,11.284485578536987,18.172096717357636,105.87469302415849,0
2050-08-03 11:00:00,137.97321915626526,535.0010975539684,105.19858002662659,12.05833455324173,20.394222849607466,109.85866557359697,0
2050-08-03 12:00:00,142.30607151985168,541.8694391310215,106.31983280181885,12.026632487773895,19.40288174748421,105.04473493099212,0
2050-08-03 13:00:00,138.07809948921204,522.5116409838199,103.01640629768372,11.333423829078674,17.353686338663103,92.89389494657516,0
2050-08-03 14:00:00,125.97248554229736,464.3766313970089,91.67390763759613,9.95786074399948,14.36477079987526,78.16075716614723,0
2050-08-03 15:00:00,105.03267645835876,374.1488479197025,73.60424995422363,7.874623733758926,10.16149436235428,59.79342758059502,0
2050-08-03 16:00:00,75.75694620609283,265.7200474947691,52.303335070610046,5.391229343414307,6.190378671884536,39.838546723127365,0
2050-08-03 17:00:00,42.54691004753113,153.33499837219716,30.29714673757553,2.8436899840831757,2.900606927275658,21.334602328389884,0
2050-08-03 18:00:00,14.95145633816719,56.70815311595798,11.443338543176651,0.8413473717868328,0.464959168061614,4.992245344631375,0
2050-08-03 19:00:00,0.6450454704463482,0.0,0.0,0.0,0.0,0.0,0
2050-08-03 20:00:00,0.0,0.0,0.0,0.0,0.0,0.0,0
2050-08-03 21:00:00,0.0,0.0,0.0,0.0,0.0,0.0,0
2050-08-03 22:00:00,0.0,0.0,0.0,0.0,0.0,0.0,0
2050-08-03 23:00:00,0.0,0.0,0.0,0.0,0.0,0.0,0
2050-11-06 00:00:00,0.0,0.0,0.0,0.0,0.0,0.0,0
2050-11-06 01:00:00,0.0,0.0,0.0,0.0,0.0,0.0,0
2050-11-06 02:00:00,0.0,0.0,0.0,0.0,0.0,0.0,0
2050-11-06 03:00:00,0.0,0.0,0.0,0.0,0.0,0.0,0
2050-11-06 04:00:00,0.0,0.0,0.0,0.0,0.0,0.0,0
2050-11-06 05:00:00,0.0,0.0,0.0,0.0,0.0,0.0,0
2050-11-06 06:00:00,0.0,0.0,0.0,0.0,0.0,0.0,0
2050-11-06 07:00:00,0.31910277903079987,14.840545982122421,2.016991004347801,2.0414935454726217,5.2615642957389355,27.116715045273303,0
2050-11-06 08:00:00,62.96117603778839,247.4979527056217,49.15781021118164,7.061967605352402,14.420772808790208,74.30592503249645,0
2050-11-06 09:00:00,106.01977109909058,421.60276317596436,82.69072473049164,10.345109486579895,21.02151001691818,118.90303947329522,0
2050-11-06 10:00:00,135.94739437103271,521.6740982413291,103.05106937885284,12.303706431388855,24.597103410959242,144.36110883951187,0
2050-11-06 11:00:00,150.3724217414856,573.2684286415576,112.87733316421509,13.194510233402253,26.530766969919206,155.91751110553741,0
2050-11-06 12:00:00,153.64505648612976,578.6066520452499,113.87425661087036,13.124581825733186,25.947632706165315,154.65687039494514,0
2050-11-06 13:00:00,147.1588909626007,545.9059284687042,107.52078294754028,12.273722016811371,23.560306435823442,142.533534771204,0
2050-11-06 14:00:00,130.9834122657776,476.45931659936906,94.33262944221497,10.387501633167266,19.096320182085037,118.2652040719986,0
2050-11-06 15:00:00,105.57048916816711,363.73121972680093,72.68537431955338,7.629330635070801,12.618593817949295,81.62672774791717,0
2050-11-06 16:00:00,67.65262186527252,210.52597126066684,42.57757365703583,3.880700409412384,5.784019467234612,41.76083447188139,0
2050-11-06 17:00:00,12.256782129406929,59.38910420313478,12.25719004869461,0.23639982454478742,0.08479061543475837,5.833894414361566,0
2050-11-06 18:00:00,0.0,0.0,0.0,0.0,0.0,0.0,0
2050-11-06 19:00:00,0.0,0.0,0.0,0.0,0.0,0.0,0
2050-11-06 20:00:00,0.0,0.0,0.0,0.0,0.0,0.0,0
2050-11-06 21:00:00,0.0,0.0,0.0,0.0,0.0,0.0,0
2050-11-06 22:00:00,0.0,0.0,0.0,0.0,0.0,0.0,0
2050-11-06 23:00:00,0.0,0.0,0.0,0.0,0.0,0.0,0
2050-11-07 00:00:00,0.0,0.0,0.0,0.0,0.0,0.0,0
2050-11-07 01:00:00,0.0,0.0,0.0,0.0,0.0,0.0,0
2050-11-07 02:00:00,0.0,0.0,0.0,0.0,0.0,0.0,0
2050-11-07 03:00:00,0.0,0.0,0.0,0.0,0.0,0.0,0
2050-11-07 04:00:00,0.0,0.0,0.0,0.0,0.0,0.0,0
2050-11-07 05:00:00,0.0,0.0,0.0,0.0,0.0,0.0,0
2050-11-07 06:00:00,0.0,0.0,0.0,0.0,0.0,0.0,0
2050-11-07 07:00:00,0.2251827623695135,12.725340054184198,1.7095583025366068,1.9480871692299844,5.038182312250138,22.05833700299263,0
2050-11-07 08:00:00,62.05926537513733,244.40091335475444,48.51299822330475,6.891959583759308,14.310745015740395,72.28557708561421,0
2050-11-07 09:00:00,107.27141499519348,417.5519416809082,81.55981600284576,10.149594748020172,20.53971646428108,114.7591729104519,0
2050-11-07 10:00:00,135.9578549861908,512.8825901508332,102.31389105319977,12.065614366531372,23.849381029605865,137.4737867176533,0
2050-11-07 11:00:00,151.80696845054626,571.1896336317062,112.75010704994202,12.950343370437622,25.63252990245819,149.15220608115197,0
2050-11-07 12:00:00,156.0337483882904,580.8118511080742,114.92372453212738,12.788420367240906,25.158283203840256,149.87189586758615,0
2050-11-07 13:00:00,149.40503239631653,549.1306973338127,108.71572494506836,11.832413351535797,22.953877902030946,138.7930335342884,0
2050-11-07 14:00:00,132.64446258544922,475.54074411392213,94.70881819725037,10.045434904098512,18.70283463001251,115.68403739333152,0
2050-11-07 15:00:00,106.6105842590332,354.1415899991989,70.75635641813278,7.421479380130768,12.499758747220039,80.30059795677661,0
2050-11-07 16:00:00,67.66740083694458,200.36959089934825,40.20030051469803,3.8034005999565124,5.798320677876473,41.212670508027074,0
2050-11-07 17:00:00,11.407005041837692,54.77760881632567,11.275074630975723,0.17416867855936288,0.03883323643822223,5.457861211523413,0
2050-11-07 18:00:00,0.0,0.0,0.0,0.0,0.0,0.0,0
2050-11-07 19:00:00,0.0,0.0,0.0,0.0,0.0,0.0,0
2050-11-07 20:00:00,0.0,0.0,0.0,0.0,0.0,0.0,0
2050-11-07 21:00:00,0.0,0.0,0.0,0.0,0.0,0.0,0
2050-11-07 22:00:00,0.0,0.0,0.0,0.0,0.0,0.0,0
2050-11-07 23:00:00,0.0,0.0,0.0,0.0,0.0,0.0,0
2050-11-08 00:00:00,0.0,0.0,0.0,0.0,0.0,0.0,0
2050-11-08 01:00:00,0.0,0.0,0.0,0.0,0.0,0.0,0
2050-11-08 02:00:00,0.0,0.0,0.0,0.0,0.0,0.0,0
2050-11-08 03:00:00,0.0,0.0,0.0,0.0,0.0,0.0,0
2050-11-08 04:00:00,0.0,0.0,0.0,0.0,0.0,0.0,0
2050-11-08 05:00:00,0.0,0.0,0.0,0.0,0.0,0.0,0
2050-11-08 06:00:00,0.0,0.0,0.0,0.0,0.0,0.0,0
2050-11-08 07:00:00,0.055537797743454576,10.36218163263984,1.3465018942952156,1.8399739027023316,5.119421751052141,22.684822139143947,0
2050-11-08 08:00:00,47.735704481601715,244.88734624385833,48.523204028606415,6.457511383295059,14.229326301813126,68.82258550561964,0
2050-11-08 09:00:00,82.58211016654968,421.28388637900355,82.46351480484009,10.021489429473878,20.750499987602232,105.79405460059643,0
2050-11-08 10:00:00,112.44233548641205,522.7346082389355,103.63146364688873,11.958277344703674,24.120465761423112,126.48039518594743,0
2050-11-08 11:00:00,137.97902464866638,581.1291609823704,114.12844955921173,12.973333203792572,25.8500486433506,146.98364107012748,0
2050-11-08 12:00:00,141.4340853691101,582.424154895544,114.4788533449173,12.990243327617646,25.330095660686492,150.64806569218635,0
2050-11-08 13:00:00,118.3579534292221,488.08900803029536,102.93174684047699,12.09879755973816,22.978934079408646,138.85831005573272,0
2050-11-08 14:00:00,77.79450863599777,310.58944480717184,50.6761372089386,10.176620626449585,18.770315223932265,115.19356040954591,0
2050-11-08 15:00:00,36.413536965847015,223.33087146878242,43.37991178035736,7.279188358783722,12.596713092923164,79.52351110577584,0
2050-11-08 16:00:00,15.207765251398087,112.06172338798642,24.86693412065506,3.5414849013090133,5.862320776283741,39.86796357184649,0
2050-11-08 17:00:00,3.0420348048210144,15.422300945874303,1.7963995691388845,0.10418168213218451,0.04906690104398877,4.587467171112075,0
2050-11-08 18:00:00,0.0,0.0,0.0,0.0,0.0,0.0,0
2050-11-08 19:00:00,0.0,0.0,0.0,0.0,0.0,0.0,0
2050-11-08 20:00:00,0.0,0.0,0.0,0.0,0.0,0.0,0
2050-11-08 21:00:00,0.0,0.0,0.0,0.0,0.0,0.0,0
2050-11-08 22:00:00,0.0,0.0,0.0,0.0,0.0,0.0,0
2050-11-08 23:00:00,0.0,0.0,0.0,0.0,0.0,0.0,0
2050-12-19 00:00:00,0.0,0.0,0.0,0.0,0.0,0.0,0
2050-12-19 01:00:00,0.0,0.0,0.0,0.0,0.0,0.0,0
2050-12-19 02:00:00,0.0,0.0,0.0,0.0,0.0,0.0,0
2050-12-19 03:00:00,0.0,0.0,0.0,0.0,0.0,0.0,0
2050-12-19 04:00:00,0.0,0.0,0.0,0.0,0.0,0.0,0
2050-12-19 05:00:00,0.0,0.0,0.0,0.0,0.0,0.0,0
2050-12-19 06:00:00,0.0,0.0,0.0,0.0,0.0,0.0,0
2050-12-19 07:00:00,0.0,0.0,0.0,0.0,0.11968574021011591,0.08598265862092376,0
2050-12-19 08:00:00,31.738127768039703,106.78269531801342,18.617745861411095,3.3975831001996997,10.592157213389873,58.46025585234165,0
2050-12-19 09:00:00,93.47826540470123,310.5312220901251,56.75555169582367,6.170821177959442,18.116712948679925,98.03802002668381,0
2050-12-19 10:00:00,123.12426567077637,448.43306692838667,92.1728253364563,7.051286000013351,20.768503496050833,110.30577177405357,0
2050-12-19 11:00:00,132.86231756210327,475.32031447291376,108.67205858230591,7.99679998755455,18.849809569120406,113.38856381773948,0
2050-12-19 12:00:00,150.84377527236938,494.22007846832275,108.9136004447937,8.532252371311188,15.087710225582123,112.34097029566766,0
2050-12-19 13:00:00,151.96545124053955,508.69962695240974,107.22988843917847,6.376728636026383,12.045078390836716,93.39863251149654,0
2050-12-19 14:00:00,136.21670007705688,420.60701803565024,86.54755353927612,3.4988248258829118,8.49252397119999,69.96261174082755,0
2050-12-19 15:00:00,94.84817385673523,292.34405736029146,59.27873253822327,2.132025144994259,6.6772117361426355,42.611985312402254,0
2050-12-19 16:00:00,30.21431416273117,130.41954771876334,28.375044465065002,0.9217551454901696,2.018733261525631,16.452219716086983,0
2050-12-19 17:00:00,1.6455795615911484,8.851636046729983,1.998168881982565,0.0,0.0,1.0857920009642839,0
2050-12-19 18:00:00,0.0,0.0,0.0,0.0,0.0,0.0,0
2050-12-19 19:00:00,0.0,0.0,0.0,0.0,0.0,0.0,0
2050-12-19 20:00:00,0.0,0.0,0.0,0.0,0.0,0.0,0
2050-12-19 21:00:00,0.0,0.0,0.0,0.0,0.0,0.0,0
2050-12-19 22:00:00,0.0,0.0,0.0,0.0,0.0,0.0,0
2050-12-19 23:00:00,0.0,0.0,0.0,0.0,0.0,0.0,0
2050-12-20 00:00:00,0.0,0.0,0.0,0.0,0.0,0.0,0
2050-12-20 01:00:00,0.0,0.0,0.0,0.0,0.0,0.0,0
2050-12-20 02:00:00,0.0,0.0,0.0,0.0,0.0,0.0,0
2050-12-20 03:00:00,0.0,0.0,0.0,0.0,0.0,0.0,0
2050-12-20 04:00:00,0.0,0.0,0.0,0.0,0.0,0.0,0
2050-12-20 05:00:00,0.0,0.0,0.0,0.0,0.0,0.0,0
2050-12-20 06:00:00,0.0,0.0,0.0,0.0,0.0,0.0,0
2050-12-20 07:00:00,0.0,0.0,0.0,0.0,0.0,0.0,0
2050-12-20 08:00:00,34.774425625801086,181.36557185947896,35.42688935995102,5.248694980144501,11.229568946361542,54.04232315123082,0
2050-12-20 09:00:00,104.6427845954895,406.27882357239724,79.1068822145462,9.883269906044006,19.138077116012575,96.79054839313031,0
2050-12-20 10:00:00,142.1372890472412,560.4583174407483,111.6763025522232,13.109930348396302,24.67618998289108,132.43547110557557,0
2050-12-20 11:00:00,158.77684950828552,619.1925825238228,123.41551780700684,14.316207015514374,26.793059092760085,150.68403467535973,0
2050-12-20 12:00:00,166.02261066436768,624.997692090273,125.38317739963531,14.534683775901795,27.03561919927597,152.3668938577175,0
2050-12-20 13:00:00,160.44697165489197,579.3618667900562,116.99103713035583,13.453906095027923,24.556910121440886,139.5570510864258,0
2050-12-20 14:00:00,141.86639189720154,490.5565986812115,104.33434545993805,11.41200885772705,19.193929678201677,114.25859112739563,0
2050-12-20 15:00:00,110.38978099822998,335.8183289349079,75.81127882003784,7.822281712293625,11.823687297105788,75.03656932115555,0
2050-12-20 16:00:00,60.49260199069977,170.9949484527111,36.86643987894058,3.3660362631082537,4.161766060441733,31.89631138890982,0
2050-12-20 17:00:00,4.2914193123579025,17.6307633779943,3.50924301892519,0.0,0.0,1.1985509984195233,0
2050-12-20 18:00:00,0.0,0.0,0.0,0.0,0.0,0.0,0
2050-12-20 19:00:00,0.0,0.0,0.0,0.0,0.0,0.0,0
2050-12-20 20:00:00,0.0,0.0,0.0,0.0,0.0,0.0,0
2050-12-20 21:00:00,0.0,0.0,0.0,0.0,0.0,0.0,0
2050-12-20 22:00:00,0.0,0.0,0.0,0.0,0.0,0.0,0
2050-12-20 23:00:00,0.0,0.0,0.0,0.0,0.0,0.0,0
2050-12-21 00:00:00,0.0,0.0,0.0,0.0,0.0,0.0,0
2050-12-21 01:00:00,0.0,0.0,0.0,0.0,0.0,0.0,0
2050-12-21 02:00:00,0.0,0.0,0.0,0.0,0.0,0.0,0
2050-12-21 03:00:00,0.0,0.0,0.0,0.0,0.0,0.0,0
2050-12-21 04:00:00,0.0,0.0,0.0,0.0,0.0,0.0,0
2050-12-21 05:00:00,0.0,0.0,0.0,0.0,0.0,0.0,0
2050-12-21 06:00:00,0.0,0.0,0.0,0.0,0.0,0.0,0
2050-12-21 07:00:00,0.0,0.0,0.0,0.0,0.0,0.0,0
2050-12-21 08:00:00,33.51495563983917,180.43979502022268,34.17590484023094,5.293710863590241,11.857199180126191,65.56201351583005,0
2050-12-21 09:00:00,101.26456618309021,350.99158281087875,71.10607624053955,9.607818853855134,19.365902745723723,97.09447354078293,0
2050-12-21 10:00:00,135.70928573608398,444.37588854432107,91.91098809242249,12.357863664627075,24.821870625019073,104.13645725846291,0
2050-12-21 11:00:00,155.30494451522827,371.46285690665246,78.76830697059631,13.333347117900848,26.87575324177742,89.7808755338192,0
2050-12-21 12:00:00,163.4518802165985,364.1051144838333,82.13074207305908,13.10497829914093,26.250874125957488,145.74840608835223,0
2050-12-21 13:00:00,155.3440511226654,327.15763438940047,76.61245465278625,11.848337149620056,23.93012672662735,133.8702652335167,0
2050-12-21 14:00:00,127.2959291934967,278.8220532476902,65.38339555263519,7.8965332984924315,18.542618754506112,100.03898069858552,0
2050-12-21 15:00:00,93.1287407875061,259.4171146184206,68.69350969791412,4.6759324163198475,10.372684639692306,58.06475496292114,0
2050-12-21 16:00:00,49.80487823486328,150.02090185135603,33.188994973897934,2.740925815701485,1.6015814134851099,8.81853017061949,0
2050-12-21 17:00:00,2.829131670296192,11.73165802108124,2.135700127109885,0.0,0.0,0.5132280450314284,0
2050-12-21 18:00:00,0.0,0.0,0.0,0.0,0.0,0.0,0
2050-12-21 19:00:00,0.0,0.0,0.0,0.0,0.0,0.0,0
2050-12-21 20:00:00,0.0,0.0,0.0,0.0,0.0,0.0,0
2050-12-21 21:00:00,0.0,0.0,0.0,0.0,0.0,0.0,0
2050-12-21 22:00:00,0.0,0.0,0.0,0.0,0.0,0.0,0
2050-12-21 23:00:00,0.0,0.0,0.0,0.0,0.0,0.0,0
2050-12-22 00:00:00,0.0,0.0,0.0,0.0,0.0,0.0,0
2050-12-22 01:00:00,0.0,0.0,0.0,0.0,0.0,0.0,0
2050-12-22 02:00:00,0.0,0.0,0.0,0.0,0.0,0.0,0
2050-12-22 03:00:00,0.0,0.0,0.0,0.0,0.0,0.0,0
2050-12-22 04:00:00,0.0,0.0,0.0,0.0,0.0,0.0,0
2050-12-22 05:00:00,0.0,0.0,0.0,0.0,0.0,0.0,0
2050-12-22 06:00:00,0.0,0.0,0.0,0.0,0.0,0.0,0
2050-12-22 07:00:00,0.0,0.0,0.0,0.0,0.0,0.0,0
2050-12-22 08:00:00,24.820122867822647,165.99322668612004,32.43982270359993,4.832177710533142,11.414567494392395,61.27995713725686,0
2050-12-22 09:00:00,54.11415249109268,321.7431076556444,62.87283897399902,9.544514787197114,18.59715132713318,97.88122228384017,0
2050-12-22 10:00:00,79.83810305595398,344.13268816769124,61.29765808582306,11.960243916511535,23.606110954284667,123.49419386386872,0
2050-12-22 11:00:00,101.4820545911789,374.153687697649,67.22633689641953,12.880597865581512,25.346819192171097,133.65628773868085,0
2050-12-22 12:00:00,72.8816419839859,532.4834163963794,112.68219351768494,13.089338839054108,25.14808040857315,134.623583817482,0
2050-12-22 13:00:00,67.28777885437012,503.7053526163101,99.73408877849579,11.63234714269638,22.612878328561784,122.0851749241352,0
2050-12-22 14:00:00,53.30623835325241,437.0512113451958,89.2516940832138,9.086870849132538,16.5578782081604,93.91134661138057,0
2050-12-22 15:00:00,36.7419108748436,253.5570694103837,51.645416021347046,5.830781650543213,9.753192082047462,59.16097561120987,0
2050-12-22 16:00:00,16.04675129055977,107.9826974093914,19.469446688890457,2.2108718529343605,3.215876353532076,21.85074455589056,0
2050-12-22 17:00:00,0.6016436498612165,5.06181494127959,0.8054288104176521,0.0,0.0,0.8658127084374427,0
2050-12-22 18:00:00,0.0,0.0,0.0,0.0,0.0,0.0,0
2050-12-22 19:00:00,0.0,0.0,0.0,0.0,0.0,0.0,0
2050-12-22 20:00:00,0.0,0.0,0.0,0.0,0.0,0.0,0
2050-12-22 21:00:00,0.0,0.0,0.0,0.0,0.0,0.0,0
2050-12-22 22:00:00,0.0,0.0,0.0,0.0,0.0,0.0,0
2050-12-22 23:00:00,0.0,0.0,0.0,0.0,0.0,0.0,0
2050-12-23 00:00:00,0.0,0.0,0.0,0.0,0.0,0.0,0
2050-12-23 01:00:00,0.0,0.0,0.0,0.0,0.0,0.0,0
2050-12-23 02:00:00,0.0,0.0,0.0,0.0,0.0,0.0,0
2050-12-23 03:00:00,0.0,0.0,0.0,0.0,0.0,0.0,0
2050-12-23 04:00:00,0.0,0.0,0.0,0.0,0.0,0.0,0
2050-12-23 05:00:00,0.0,0.0,0.0,0.0,0.0,0.0,0
2050-12-23 06:00:00,0.0,0.0,0.0,0.0,0.0,0.0,0
2050-12-23 07:00:00,0.0,0.0,0.0,0.0,0.0,0.0,0
2050-12-23 08:00:00,30.652959644794464,89.28588538616896,18.833182007074356,3.581179413199425,3.976962103694677,38.52077224683016,0
2050-12-23 09:00:00,90.7279223203659,216.79988071620465,46.81398868560791,6.8113339185714725,3.395614671707153,58.668425244092944,0
2050-12-23 10:00:00,126.72154307365417,217.1856156527996,46.39188498258591,8.771488881111146,4.91642380207777,65.56395062506199,0
2050-12-23 11:00:00,148.69365096092224,186.99589401483536,35.640062391757965,8.216081154346465,5.957091577351093,74.45986014902591,0
2050-12-23 12:00:00,155.94642758369446,167.86493448466064,27.79533863067627,6.699063766002655,6.409818997979164,73.3565660521388,0
2050-12-23 13:00:00,146.33507132530212,145.5022982016206,23.558277636766434,4.4819712191820145,6.40652826577425,76.35716067850589,0
2050-12-23 14:00:00,122.49019145965576,109.17986193299294,19.692058861255646,3.3651757121086123,5.541132654994726,62.85767640173435,0
2050-12-23 15:00:00,84.36760604381561,75.0412281267345,14.597905799746513,1.998158012330532,3.1234043978154657,33.322411962598565,0
2050-12-23 16:00:00,46.188487112522125,36.884543056413534,7.731938548386097,0.769602233543992,0.9791275294497609,13.300930387899278,0
2050-12-23 17:00:00,2.884805016219616,2.2211793318856508,0.561843195464462,0.0,0.0,0.9692334014922381,0
2050-12-23 18:00:00,0.0,0.0,0.0,0.0,0.0,0.0,0
2050-12-23 19:00:00,0.0,0.0,0.0,0.0,0.0,0.0,0
2050-12-23 20:00:00,0.0,0.0,0.0,0.0,0.0,0.0,0
2050-12-23 21:00:00,0.0,0.0,0.0,0.0,0.0,0.0,0
2050-12-23 22:00:00,0.0,0.0,0.0,0.0,0.0,0.0,0
2050-12-23 23:00:00,0.0,0.0,0.0,0.0,0.0,0.0,0
